=cmd-param-changed,param="logging enabled",value="on"
~"index,tick,delta_tick,mode,x,y,z,conv_status,read_status\n"
~"0,703,1,1,2656,-9360,-32528,241,0\n"
~"1,705,3,1,2672,-9248,-32528,49,0\n"
~"2,707,5,1,2528,-9376,-32528,113,0\n"
~"3,709,7,1,2688,-9328,-32528,177,0\n"
~"4,711,9,1,2688,-9312,-32528,241,0\n"
~"5,713,11,1,2672,-9376,-32528,145,0\n"
~"6,715,13,1,2400,-9232,-32528,209,0\n"
~"7,717,15,1,2688,-9216,-32528,17,0\n"
~"8,719,17,1,2576,-9264,-32528,81,0\n"
~"9,721,19,1,2592,-9232,-32528,177,0\n"
~"10,723,21,1,2720,-9232,-32528,241,0\n"
~"11,725,23,1,2688,-9328,-32528,49,0\n"
~"12,727,25,1,2656,-9392,-32528,113,0\n"
~"13,729,27,1,2624,-9312,-32528,209,0\n"
~"14,731,29,1,2448,-9392,-32528,17,0\n"
~"15,733,31,1,2608,-9280,-32528,81,0\n"
~"16,735,33,1,2640,-9168,-32528,145,0\n"
~"17,737,35,1,2672,-9280,-32528,241,0\n"
~"18,739,37,1,2736,-9328,-32528,49,0\n"
~"19,742,40,1,2624,-9328,-32528,145,0\n"
~"20,744,42,1,2816,-9216,-32528,209,0\n"
~"21,746,44,1,2656,-9168,-32528,17,0\n"
~"22,748,46,1,2432,-9248,-32528,81,0\n"
~"23,750,48,1,2688,-9360,-32528,145,0\n"
~"24,752,50,1,2624,-9136,-32528,241,0\n"
~"25,754,52,1,2608,-9168,-32528,81,0\n"
~"26,756,54,1,2784,-9296,-32528,113,0\n"
~"27,758,56,1,2736,-9360,-32528,177,0\n"
~"28,760,58,1,2656,-9216,-32528,241,0\n"
~"29,762,60,1,2400,-9200,-32528,49,0\n"
~"30,764,62,1,2656,-9232,-32528,145,0\n"
~"31,766,64,1,2624,-9232,-32528,17,0\n"
~"32,768,66,1,2672,-9328,-32528,17,0\n"
~"33,770,68,1,2496,-9248,-32528,81,0\n"
~"34,772,70,1,2576,-9216,-32528,145,0\n"
~"35,774,72,1,2656,-9168,-32528,209,0\n"
~"36,776,74,1,2752,-9328,-32528,49,0\n"
~"37,778,76,1,2688,-9040,-32528,81,0\n"
~"38,780,78,1,2736,-9216,-32528,177,0\n"
~"39,782,80,1,2688,-9360,-32528,241,0\n"
~"40,784,82,1,2736,-9264,-32528,49,0\n"
~"41,786,84,1,2672,-9120,-32528,113,0\n"
~"42,788,86,1,2544,-9024,-32528,177,0\n"
~"43,790,88,1,2592,-9216,-32528,241,0\n"
~"44,792,90,1,2720,-9344,-32528,49,0\n"
~"45,794,92,1,2624,-9232,-32528,145,0\n"
~"46,796,94,1,2608,-9376,-32528,209,0\n"
~"47,798,96,1,2624,-9280,-32528,17,0\n"
~"48,800,98,1,2464,-9120,-32528,81,0\n"
~"49,802,100,1,2800,-9264,-32528,145,0\n"
~"50,804,102,1,2704,-9040,-32528,241,0\n"
~"51,806,104,1,2512,-9296,-32528,49,0\n"
~"52,808,106,1,2624,-9136,-32528,113,0\n"
~"53,810,108,1,2784,-9088,-32528,177,0\n"
~"54,812,110,1,2624,-9232,-32528,17,0\n"
~"55,814,112,1,2704,-9184,-32528,81,0\n"
~"56,816,114,1,2720,-9280,-32528,209,0\n"
~"57,818,116,1,2560,-9392,-32528,209,0\n"
~"58,820,118,1,2720,-9328,-32528,17,0\n"
~"59,822,120,1,2688,-9232,-32528,81,0\n"
~"60,824,122,1,2656,-9264,-32528,145,0\n"
~"61,826,124,1,2672,-9232,-32528,241,0\n"
~"62,828,126,1,2656,-9248,-32528,17,0\n"
~"63,830,128,1,2688,-9120,-32528,113,0\n"
~"64,832,130,1,2656,-9280,-32528,209,0\n"
~"65,834,132,1,2592,-9216,-32528,17,0\n"
~"66,836,134,1,2656,-9296,-32528,81,0\n"
~"67,838,136,1,2672,-9168,-32528,145,0\n"
~"68,840,138,1,2672,-9232,-32528,209,0\n"
~"69,843,141,1,2752,-9200,-32528,49,0\n"
~"70,845,143,1,2752,-9248,-32528,113,0\n"
~"71,847,145,1,2544,-9312,-32528,209,0\n"
~"72,849,147,1,2784,-9296,-32528,17,0\n"
~"73,851,149,1,2496,-9248,-32528,113,0\n"
~"74,853,151,1,2736,-9312,-32528,145,0\n"
~"75,855,153,1,2624,-9120,-32528,209,0\n"
~"76,857,155,1,2560,-9424,-32528,17,0\n"
~"77,859,157,1,2544,-9184,-32528,81,0\n"
~"78,861,159,1,2672,-9328,-32528,145,0\n"
~"79,863,161,1,2656,-9216,-32528,209,0\n"
~"80,865,163,1,2560,-9232,-32528,49,0\n"
~"81,867,165,1,2688,-9296,-32528,177,0\n"
~"82,869,167,1,2560,-9376,-32528,177,0\n"
~"83,871,169,1,2800,-9248,-32528,241,0\n"
~"84,873,171,1,1184,-7632,-32528,49,0\n"
~"85,875,173,1,-6320,4688,-32528,113,0\n"
~"86,877,175,1,-10192,15408,-32528,177,0\n"
~"87,879,177,1,-8624,16272,-32528,241,0\n"
~"88,881,179,1,-5312,18160,-32528,49,0\n"
~"89,883,181,1,-4672,18272,-32528,145,0\n"
~"90,885,183,1,-4512,18224,-32528,209,0\n"
~"91,887,185,1,-2400,3152,-32528,17,0\n"
~"92,889,187,1,-400,-6464,-32528,81,0\n"
~"93,891,189,1,-272,-6208,-32528,145,0\n"
~"94,893,191,1,-224,-6256,-32528,209,0\n"
~"95,895,193,1,-416,-6448,-32528,17,0\n"
~"96,897,195,1,-336,-6336,-32528,81,0\n"
~"97,899,197,1,-368,-6368,-32528,145,0\n"
~"98,901,199,1,-272,-6304,-32528,17,0\n"
~"99,903,201,1,-464,-6352,-32528,49,0\n"
~"100,905,203,1,-112,-6336,-32528,113,0\n"
~"101,907,205,1,-368,-6080,-32528,177,0\n"
~"102,909,207,1,-224,-6336,-32528,241,0\n"
~"103,911,209,1,-320,-6304,-32528,49,0\n"
~"104,913,211,1,-240,-6416,-32528,113,0\n"
~"105,915,213,1,-256,-6336,-32528,177,0\n"
~"106,917,215,1,-288,-6288,-32528,49,0\n"
~"107,919,217,1,7328,-13728,-32528,81,0\n"
~"108,921,219,1,23632,-17984,-32528,145,0\n"
~"109,923,221,1,23760,-18016,-32528,209,0\n"
~"110,925,223,1,24912,-16208,-32528,17,0\n"
~"111,927,225,1,26032,-13968,-32528,81,0\n"
~"112,929,227,1,25936,-13952,-32528,145,0\n"
~"113,931,229,1,-2176,-5168,-32528,209,0\n"
~"114,933,231,1,-2080,-5312,-32528,17,0\n"
~"115,935,233,1,-2032,-5120,-32528,81,0\n"
~"116,937,235,1,-2304,-5280,-32528,177,0\n"
~"117,939,237,1,-2224,-5312,-32528,241,0\n"
~"118,941,239,1,-2080,-5280,-32528,49,0\n"
~"119,944,242,1,-2240,-5104,-32528,145,0\n"
~"120,946,244,1,-2144,-5248,-32528,209,0\n"
~"121,948,246,1,-2272,-5264,-32528,17,0\n"
~"122,950,248,1,-2224,-5264,-32528,81,0\n"
~"123,952,250,1,-2224,-5184,-32528,177,0\n"
~"124,954,252,1,-2160,-5248,-32528,17,0\n"
~"125,956,254,1,-2240,-5136,-32528,49,0\n"
~"126,958,256,1,-2128,-5184,-32528,113,0\n"
~"127,960,258,1,-2128,-5264,-32528,177,0\n"
~"128,962,260,1,-2144,-5152,-32528,241,0\n"
~"129,964,262,1,-2176,-4992,-32528,49,0\n"
~"130,966,264,1,2640,-7376,-32528,113,0\n"
~"131,968,266,1,11696,-11680,-32528,209,0\n"
~"132,970,268,1,19776,-19632,-32528,241,0\n"
~"133,972,270,1,20432,-21664,-32528,49,0\n"
~"134,974,272,1,15296,-24880,-32528,113,0\n"
~"135,976,274,1,10400,-27584,-32528,209,0\n"
~"136,978,276,1,6784,-28208,-32528,241,0\n"
~"137,980,278,1,6128,-28080,-32528,49,0\n"
~"138,982,280,1,816,-27568,-32528,113,0\n"
~"139,984,282,1,-4880,-17376,-32528,177,0\n"
~"140,986,284,1,-2944,-11648,-32528,241,0\n"
~"141,988,286,1,-2736,-11568,-32528,81,0\n"
~"142,990,288,1,-2864,-11584,-32528,177,0\n"
~"143,992,290,1,-2576,-11744,-32528,241,0\n"
~"144,994,292,1,-2784,-11664,-32528,49,0\n"
~"145,996,294,1,-2784,-11504,-32528,113,0\n"
~"146,998,296,1,-2720,-11616,-32528,177,0\n"
~"147,1000,298,1,-2720,-11744,-32528,241,0\n"
~"148,1002,300,1,-2752,-11584,-32528,49,0\n"
~"149,1004,302,1,-2656,-11680,-32528,113,0\n"
~"150,1006,304,1,-2640,-11632,-32528,177,0\n"
~"151,1008,306,1,-2640,-11664,-32528,17,0\n"
~"152,1010,308,1,-2832,-11648,-32528,81,0\n"
~"153,1012,310,1,-3520,-13264,-32528,145,0\n"
~"154,1014,312,1,-9744,-25168,-32528,209,0\n"
~"155,1016,314,1,-9648,-25200,-32528,17,0\n"
~"156,1018,316,1,-9664,-25392,-32528,145,0\n"
~"157,1020,318,1,-9728,-25536,-32528,177,0\n"
~"158,1022,320,1,-9616,-25552,-32528,241,0\n"
~"159,1024,322,1,-9712,-25360,-32528,81,0\n"
~"160,1026,324,1,-11456,-24656,-32528,177,0\n"
~"161,1028,326,1,-15792,-20352,-32528,209,0\n"
~"162,1030,328,1,-4576,-7984,-32528,17,0\n"
~"163,1032,330,1,-4640,-8096,-32528,81,0\n"
~"164,1034,332,1,-4512,-8080,-32528,145,0\n"
~"165,1036,334,1,-4416,-8160,-32528,209,0\n"
~"166,1038,336,1,-4512,-7872,-32528,17,0\n"
~"167,1040,338,1,-4528,-8048,-32528,113,0\n"
~"168,1042,340,1,-4448,-7984,-32528,177,0\n"
~"169,1045,343,1,-4528,-8128,-32528,17,0\n"
~"170,1047,345,1,-4368,-8032,-32528,81,0\n"
~"171,1049,347,1,-4384,-8080,-32528,145,0\n"
~"172,1051,349,1,-4352,-8176,-32528,241,0\n"
~"173,1053,351,1,-4448,-8112,-32528,17,0\n"
~"174,1055,353,1,-4480,-8176,-32528,81,0\n"
~"175,1057,355,1,-6672,-11456,-32528,177,0\n"
~"176,1059,357,1,-17696,-13680,-32528,241,0\n"
~"177,1061,359,1,-21136,-12512,-32528,49,0\n"
~"178,1063,361,1,-21760,-8944,-32528,113,0\n"
~"179,1065,363,1,-22000,-8400,-32528,177,0\n"
~"180,1067,365,1,-21968,-8112,-32528,241,0\n"
~"181,1069,367,1,-6064,-4320,-32528,113,0\n"
~"182,1071,369,1,-4816,-4528,-32528,145,0\n"
~"183,1073,371,1,-4640,-4496,-32528,241,0\n"
~"184,1075,373,1,-4624,-4400,-32528,49,0\n"
~"185,1077,375,1,-4544,-4240,-32528,113,0\n"
~"186,1079,377,1,-4672,-4448,-32528,209,0\n"
~"187,1081,379,1,-4752,-4432,-32528,17,0\n"
~"188,1083,381,1,-4656,-4464,-32528,81,0\n"
~"189,1085,383,1,-4640,-4480,-32528,145,0\n"
~"190,1087,385,1,-4672,-4256,-32528,241,0\n"
~"191,1089,387,1,-4592,-4544,-32528,49,0\n"
~"192,1091,389,1,-4944,-4176,-32528,113,0\n"
~"193,1093,391,1,-4800,-4192,-32528,177,0\n"
~"194,1095,393,1,8736,-5632,-32528,241,0\n"
~"195,1097,395,1,27520,2288,-32528,49,0\n"
~"196,1099,397,1,26000,9968,-32528,113,0\n"
~"197,1101,399,1,24608,12608,-32528,241,0\n"
~"198,1103,401,1,24432,12496,-32528,17,0\n"
~"199,1105,403,1,24080,12192,-32528,81,0\n"
~"200,1107,405,1,-5120,-8624,-32528,145,0\n"
~"201,1109,407,1,-4688,-8352,-32528,209,0\n"
~"202,1111,409,1,-4800,-8256,-32528,17,0\n"
~"203,1113,411,1,-4640,-8256,-32528,81,0\n"
~"204,1115,413,1,-4704,-8272,-32528,145,0\n"
~"205,1117,415,1,-4544,-8192,-32528,241,0\n"
~"206,1119,417,1,-4592,-8320,-32528,113,0\n"
~"207,1121,419,1,-4768,-8176,-32528,113,0\n"
~"208,1123,421,1,-4592,-8336,-32528,177,0\n"
~"209,1125,423,1,-4800,-8368,-32528,241,0\n"
~"210,1127,425,1,-4768,-8144,-32528,49,0\n"
~"211,1129,427,1,-4576,-8320,-32528,113,0\n"
~"212,1131,429,1,-4720,-8368,-32528,177,0\n"
~"213,1133,431,1,-4768,-8224,-32528,17,0\n"
~"214,1135,433,1,-4576,-8208,-32528,81,0\n"
~"215,1137,435,1,-4576,-8400,-32528,145,0\n"
~"216,1139,437,1,-4640,-8288,-32528,209,0\n"
~"217,1141,439,1,-4768,-8208,-32528,17,0\n"
~"218,1143,441,1,-4608,-8304,-32528,81,0\n"
~"219,1146,444,1,9680,-5200,-32528,177,0\n"
~"220,1148,446,1,27776,4768,-32528,17,0\n"
~"221,1150,448,1,27312,7088,-32528,81,0\n"
~"222,1152,450,1,27456,6944,-32528,145,0\n"
~"223,1154,452,1,26928,6704,-32528,241,0\n"
~"224,1156,454,1,-5168,-7328,-32528,49,0\n"
~"225,1158,456,1,-5040,-7312,-32528,113,0\n"
~"226,1160,458,1,-5072,-7168,-32528,177,0\n"
~"227,1162,460,1,-5008,-7536,-32528,241,0\n"
~"228,1164,462,1,-5024,-7376,-32528,49,0\n"
~"229,1166,464,1,-5136,-7376,-32528,113,0\n"
~"230,1168,466,1,-5040,-7296,-32528,177,0\n"
~"231,1170,468,1,-4928,-7040,-32528,49,0\n"
~"232,1172,470,1,-4992,-7488,-32528,81,0\n"
~"233,1174,472,1,-4912,-7184,-32528,145,0\n"
~"234,1176,474,1,-4992,-7360,-32528,17,0\n"
~"235,1178,476,1,-4912,-7280,-32528,49,0\n"
~"236,1180,478,1,-5056,-7280,-32528,113,0\n"
~"237,1182,480,1,-5024,-7408,-32528,177,0\n"
~"238,1184,482,1,-5008,-7184,-32528,241,0\n"
~"239,1186,484,1,-5184,-7440,-32528,49,0\n"
~"240,1188,486,1,-4864,-7456,-32528,113,0\n"
~"241,1190,488,1,-5104,-7136,-32528,177,0\n"
~"242,1192,490,1,-2288,-11200,-32528,17,0\n"
~"243,1194,492,1,5232,-22016,-32528,81,0\n"
~"244,1196,494,1,10080,-26672,-32528,145,0\n"
~"245,1198,496,1,12000,-26432,-32528,209,0\n"
~"246,1200,498,1,12240,-26160,-32528,17,0\n"
~"247,1202,500,1,12128,-26256,-32528,81,0\n"
~"248,1204,502,1,12208,-26080,-32528,145,0\n"
~"249,1206,504,1,5136,-13376,-32528,209,0\n"
~"250,1208,506,1,2000,-8704,-32528,17,0\n"
~"251,1210,508,1,2096,-8768,-32528,81,0\n"
~"252,1212,510,1,2240,-8512,-32528,177,0\n"
~"253,1214,512,1,2112,-8592,-32528,241,0\n"
~"254,1216,514,1,2032,-8656,-32528,49,0\n"
~"255,1218,516,1,2144,-8752,-32528,113,0\n"
~"256,1220,518,1,2176,-8752,-32528,241,0\n"
~"257,1222,520,1,2128,-8640,-32528,241,0\n"
~"258,1224,522,1,2144,-8688,-32528,49,0\n"
~"259,1226,524,1,2032,-8848,-32528,145,0\n"
~"260,1228,526,1,2128,-8656,-32528,177,0\n"
~"261,1230,528,1,2064,-8816,-32528,17,0\n"
~"262,1232,530,1,2208,-8688,-32528,81,0\n"
~"263,1234,532,1,2000,-8768,-32528,145,0\n"
~"264,1236,534,1,2032,-8640,-32528,209,0\n"
~"265,1238,536,1,2240,-8720,-32528,17,0\n"
~"266,1240,538,1,1984,-10832,-32528,81,0\n"
~"267,1242,540,1,2640,-15008,-32528,145,0\n"
~"268,1244,542,1,3296,-22752,-32528,209,0\n"
~"269,1247,545,1,1760,-28560,-32528,81,0\n"
~"270,1249,547,1,784,-28688,-32528,145,0\n"
~"271,1251,549,1,-4864,-27808,-32528,241,0\n"
~"272,1253,551,1,-12976,-23568,-32528,17,0\n"
~"273,1255,553,1,-13168,-19312,-32528,81,0\n"
~"274,1257,555,1,-4304,-9344,-32528,145,0\n"
~"275,1259,557,1,-4512,-9184,-32528,209,0\n"
~"276,1261,559,1,-4384,-9136,-32528,17,0\n"
~"277,1263,561,1,-4464,-9248,-32528,113,0\n"
~"278,1265,563,1,-4352,-9104,-32528,209,0\n"
~"279,1267,565,1,-4384,-9312,-32528,17,0\n"
~"280,1269,567,1,-4384,-9152,-32528,81,0\n"
~"281,1271,569,1,-4288,-9232,-32528,209,0\n"
~"282,1273,571,1,-4336,-9072,-32528,209,0\n"
~"283,1275,573,1,-4432,-9136,-32528,17,0\n"
~"284,1277,575,1,-4288,-9168,-32528,81,0\n"
~"285,1279,577,1,-4320,-9120,-32528,145,0\n"
~"286,1281,579,1,-4384,-8976,-32528,209,0\n"
~"287,1283,581,1,-4480,-9424,-32528,17,0\n"
~"288,1285,583,1,-4368,-9152,-32528,81,0\n"
~"289,1287,585,1,-4448,-9232,-32528,145,0\n"
~"290,1289,587,1,-4496,-9200,-32528,209,0\n"
~"291,1291,589,1,-4432,-9248,-32528,17,0\n"
~"292,1293,591,1,-4272,-9216,-32528,81,0\n"
~"293,1295,593,1,-4448,-9200,-32528,177,0\n"
~"294,1297,595,1,-4208,-9344,-32528,17,0\n"
~"295,1299,597,1,-2816,-6448,-32528,81,0\n"
~"296,1301,599,1,12288,16016,-32528,177,0\n"
~"297,1303,601,1,14640,19568,-32528,209,0\n"
~"298,1305,603,1,14832,19392,-32528,17,0\n"
~"299,1307,605,1,14032,18592,-32528,81,0\n"
~"300,1309,607,1,-2352,-7856,-32528,177,0\n"
~"301,1311,609,1,-2176,-7952,-32528,241,0\n"
~"302,1313,611,1,-2256,-7792,-32528,49,0\n"
~"303,1315,613,1,-2560,-7968,-32528,113,0\n"
~"304,1317,615,1,-2272,-8000,-32528,177,0\n"
~"305,1319,617,1,-2304,-7856,-32528,241,0\n"
~"306,1321,619,1,-2416,-7968,-32528,113,0\n"
~"307,1323,621,1,-2544,-7936,-32528,113,0\n"
~"308,1325,623,1,-2336,-7728,-32528,177,0\n"
~"309,1327,625,1,-2400,-7872,-32528,241,0\n"
~"310,1329,627,1,-2336,-7856,-32528,49,0\n"
~"311,1331,629,1,-2400,-7904,-32528,113,0\n"
~"312,1333,631,1,-2368,-7936,-32528,177,0\n"
~"313,1335,633,1,-2320,-8000,-32528,17,0\n"
~"314,1337,635,1,-2352,-7920,-32528,81,0\n"
~"315,1339,637,1,-2320,-7968,-32528,145,0\n"
~"316,1341,639,1,-2464,-7840,-32528,209,0\n"
~"317,1343,641,1,2256,-3504,-32528,17,0\n"
~"318,1345,643,1,24160,13296,-32528,81,0\n"
~"319,1348,646,1,24320,13312,-32528,209,0\n"
~"320,1350,648,1,24128,13088,-32528,17,0\n"
~"321,1352,650,1,23712,12416,-32528,81,0\n"
~"322,1354,652,1,-2512,-7792,-32528,177,0\n"
~"323,1356,654,1,-2512,-7984,-32528,241,0\n"
~"324,1358,656,1,-2336,-7856,-32528,49,0\n"
~"325,1360,658,1,-2720,-7888,-32528,113,0\n"
~"326,1362,660,1,-2496,-7728,-32528,209,0\n"
~"327,1364,662,1,-2368,-7888,-32528,17,0\n"
~"328,1366,664,1,-2576,-7808,-32528,81,0\n"
~"329,1368,666,1,-2432,-7840,-32528,145,0\n"
~"330,1370,668,1,-2448,-7744,-32528,209,0\n"
~"331,1372,670,1,-2496,-8048,-32528,81,0\n"
~"332,1374,672,1,-2624,-7680,-32528,113,0\n"
~"333,1376,674,1,-2640,-7840,-32528,241,0\n"
~"334,1378,676,1,-2560,-7744,-32528,17,0\n"
~"335,1380,678,1,-1664,-8368,-32528,81,0\n"
~"336,1382,680,1,15952,-22336,-32528,145,0\n"
~"337,1384,682,1,16832,-23072,-32528,209,0\n"
~"338,1386,684,1,16880,-23456,-32528,17,0\n"
~"339,1388,686,1,17232,-23344,-32528,81,0\n"
~"340,1390,688,1,17104,-23200,-32528,145,0\n"
~"341,1392,690,1,16976,-23040,-32528,241,0\n"
~"342,1394,692,1,1744,-6400,-32528,49,0\n"
~"343,1396,694,1,1568,-6544,-32528,113,0\n"
~"344,1398,696,1,1696,-6528,-32528,177,0\n"
~"345,1400,698,1,1696,-6512,-32528,241,0\n"
~"346,1402,700,1,1696,-6400,-32528,49,0\n"
~"347,1404,702,1,1824,-6528,-32528,113,0\n"
~"348,1406,704,1,1840,-6608,-32528,177,0\n"
~"349,1408,706,1,1920,-6576,-32528,17,0\n"
~"350,1410,708,1,1792,-6448,-32528,113,0\n"
~"351,1412,710,1,1600,-6496,-32528,177,0\n"
~"352,1414,712,1,1696,-6432,-32528,241,0\n"
~"353,1416,714,1,1824,-6480,-32528,49,0\n"
~"354,1418,716,1,1728,-6496,-32528,113,0\n"
~"355,1420,718,1,1648,-6528,-32528,177,0\n"
~"356,1422,720,1,1616,-6544,-32528,49,0\n"
~"357,1424,722,1,-1488,-8656,-32528,49,0\n"
~"358,1426,724,1,-15440,-19344,-32528,145,0\n"
~"359,1428,726,1,-16416,-20144,-32528,177,0\n"
~"360,1430,728,1,-16416,-20480,-32528,241,0\n"
~"361,1432,730,1,-16416,-20432,-32528,49,0\n"
~"362,1434,732,1,-16496,-20128,-32528,113,0\n"
~"363,1436,734,1,-5536,-9056,-32528,177,0\n"
~"364,1438,736,1,-3472,-7392,-32528,241,0\n"
~"365,1440,738,1,-3392,-7472,-32528,49,0\n"
~"366,1442,740,1,-3424,-7440,-32528,113,0\n"
~"367,1444,742,1,-3360,-7568,-32528,177,0\n"
~"368,1446,744,1,-3504,-7440,-32528,241,0\n"
~"369,1449,747,1,-3360,-7552,-32528,81,0\n"
~"370,1451,749,1,-3392,-7328,-32528,177,0\n"
~"371,1453,751,1,-3376,-7456,-32528,209,0\n"
~"372,1455,753,1,-3536,-7472,-32528,17,0\n"
~"373,1457,755,1,-3520,-7424,-32528,81,0\n"
~"374,1459,757,1,-3648,-7488,-32528,145,0\n"
~"375,1461,759,1,-3344,-7408,-32528,209,0\n"
~"376,1463,761,1,-3456,-7360,-32528,17,0\n"
~"377,1465,763,1,-3424,-7392,-32528,81,0\n"
~"378,1467,765,1,-3392,-7360,-32528,145,0\n"
~"379,1469,767,1,-12464,-23792,-32528,209,0\n"
~"380,1471,769,1,-12096,-24144,-32528,49,0\n"
~"381,1473,771,1,-11984,-24288,-32528,177,0\n"
~"382,1475,773,1,-12096,-24144,-32528,177,0\n"
~"383,1477,775,1,-12096,-24176,-32528,241,0\n"
~"384,1479,777,1,-12064,-22384,-32576,49,0\n"
~"385,1481,779,1,-2592,-7488,-32528,113,0\n"
~"386,1483,781,1,-2672,-7664,-32528,177,0\n"
~"387,1485,783,1,-2576,-7696,-32528,241,0\n"
~"388,1487,785,1,-2352,-7744,-32528,49,0\n"
~"389,1489,787,1,-2480,-7680,-32528,113,0\n"
~"390,1491,789,1,-2480,-7552,-32528,177,0\n"
~"391,1493,791,1,-2608,-7680,-32528,241,0\n"
~"392,1495,793,1,-2416,-7712,-32528,81,0\n"
~"393,1497,795,1,-2496,-7824,-32528,145,0\n"
~"394,1499,797,1,-2496,-7744,-32528,209,0\n"
~"395,1501,799,1,-2592,-7648,-32528,49,0\n"
~"396,1503,801,1,-2576,-7632,-32528,81,0\n"
~"397,1505,803,1,-2512,-7424,-32528,145,0\n"
~"398,1507,805,1,-2432,-7984,-32528,241,0\n"
~"399,1509,807,1,-2864,-4736,-32528,49,0\n"
~"400,1511,809,1,-9728,15792,-32528,113,0\n"
~"401,1513,811,1,-9488,16128,-32528,177,0\n"
~"402,1515,813,1,-7744,17296,-32528,241,0\n"
~"403,1517,815,1,-7584,17328,-32528,49,0\n"
~"404,1519,817,1,-800,-5024,-32528,145,0\n"
~"405,1521,819,1,-832,-5040,-32528,209,0\n"
~"406,1523,821,1,-912,-4960,-32528,81,0\n"
~"407,1525,823,1,-928,-5104,-32528,81,0\n"
~"408,1527,825,1,-848,-5024,-32528,145,0\n"
~"409,1529,827,1,-928,-5088,-32528,209,0\n"
~"410,1531,829,1,-784,-5072,-32528,17,0\n"
~"411,1533,831,1,-800,-4912,-32528,113,0\n"
~"412,1535,833,1,-672,-5104,-32528,177,0\n"
~"413,1537,835,1,-832,-4880,-32528,241,0\n"
~"414,1539,837,1,-816,-4944,-32528,49,0\n"
~"415,1541,839,1,-896,-5120,-32528,113,0\n"
~"416,1543,841,1,-592,-5088,-32528,177,0\n"
~"417,1545,843,1,-784,-5152,-32528,17,0\n"
~"418,1547,845,1,-816,-4960,-32528,81,0\n"
~"419,1550,848,1,-960,-5024,-32528,177,0\n"
~"420,1552,850,1,-688,-4992,-32528,241,0\n"
~"421,1554,852,1,-832,-5024,-32528,49,0\n"
~"422,1556,854,1,-656,-5104,-32528,113,0\n"
~"423,1558,856,1,-768,-5088,-32528,177,0\n"
~"424,1560,858,1,640,-6704,-32528,241,0\n"
~"425,1562,860,1,4160,-4512,-32528,49,0\n"
~"426,1564,862,1,24784,11776,-32528,113,0\n"
~"427,1566,864,1,22464,15280,-32528,177,0\n"
~"428,1568,866,1,22320,15648,-32528,241,0\n"
~"429,1570,868,1,22384,15488,-32528,81,0\n"
~"430,1572,870,1,19152,14992,-32528,145,0\n"
~"431,1574,872,1,-3296,-7024,-32528,17,0\n"
~"432,1576,874,1,-3360,-6816,-32528,49,0\n"
~"433,1578,876,1,-3408,-6736,-32528,81,0\n"
~"434,1580,878,1,-3408,-6848,-32528,145,0\n"
~"435,1582,880,1,-3376,-6768,-32528,241,0\n"
~"436,1584,882,1,-3216,-6800,-32528,49,0\n"
~"437,1586,884,1,-3360,-6912,-32528,113,0\n"
~"438,1588,886,1,-3488,-6768,-32528,177,0\n"
~"439,1590,888,1,-3232,-6640,-32528,241,0\n"
~"440,1592,890,1,-3328,-6880,-32528,49,0\n"
~"441,1594,892,1,-3312,-6800,-32528,145,0\n"
~"442,1596,894,1,-3360,-6816,-32528,241,0\n"
~"443,1598,896,1,-3280,-6864,-32528,49,0\n"
~"444,1600,898,1,-3200,-6688,-32528,113,0\n"
~"445,1602,900,1,-3456,-6752,-32528,177,0\n"
~"446,1604,902,1,-3376,-6928,-32528,241,0\n"
~"447,1606,904,1,13680,6112,-32528,49,0\n"
~"448,1608,906,1,23440,14224,-32528,113,0\n"
~"449,1610,908,1,23472,14496,-32528,177,0\n"
~"450,1612,910,1,23408,14352,-32528,241,0\n"
~"451,1614,912,1,23152,14032,-32528,49,0\n"
~"452,1616,914,1,-1344,-7120,-32528,113,0\n"
~"453,1618,916,1,-1536,-7472,-32528,177,0\n"
~"454,1620,918,1,-1632,-7344,-32528,241,0\n"
~"455,1622,920,1,-1504,-7312,-32528,49,0\n"
~"456,1624,922,1,-1664,-7296,-32528,177,0\n"
~"457,1626,924,1,-1648,-7328,-32528,209,0\n"
~"458,1628,926,1,-1568,-7248,-32528,241,0\n"
~"459,1630,928,1,-1664,-7264,-32528,49,0\n"
~"460,1632,930,1,-1616,-7120,-32528,113,0\n"
~"461,1634,932,1,-1744,-7136,-32528,177,0\n"
~"462,1636,934,1,-1552,-7120,-32528,17,0\n"
~"463,1638,936,1,-1632,-7328,-32528,81,0\n"
~"464,1640,938,1,-1584,-7024,-32528,145,0\n"
~"465,1642,940,1,-1536,-7216,-32528,209,0\n"
~"466,1644,942,1,-544,-7632,-32528,17,0\n"
~"467,1646,944,1,11760,-14352,-32528,81,0\n"
~"468,1648,946,1,19920,-21328,-32528,145,0\n"
~"469,1651,949,1,19808,-21296,-32528,49,0\n"
~"470,1653,951,1,19856,-21376,-32528,81,0\n"
~"471,1655,953,1,19728,-21360,-32528,145,0\n"
~"472,1657,955,1,7760,-11472,-32528,209,0\n"
~"473,1659,957,1,2960,-7168,-32528,17,0\n"
~"474,1661,959,1,2928,-7104,-32528,81,0\n"
~"475,1663,961,1,3056,-7408,-32528,177,0\n"
~"476,1665,963,1,3024,-7232,-32528,17,0\n"
~"477,1667,965,1,2992,-7392,-32528,81,0\n"
~"478,1669,967,1,3024,-7168,-32528,145,0\n"
~"479,1671,969,1,2928,-7360,-32528,209,0\n"
~"480,1673,971,1,2912,-7232,-32528,17,0\n"
~"481,1675,973,1,3088,-7408,-32528,113,0\n"
~"482,1677,975,1,2816,-7232,-32528,145,0\n"
~"483,1679,977,1,2944,-7264,-32528,241,0\n"
~"484,1681,979,1,3024,-7136,-32528,17,0\n"
~"485,1683,981,1,3056,-7200,-32528,81,0\n"
~"486,1685,983,1,2848,-7472,-32528,145,0\n"
~"487,1687,985,1,2912,-7888,-32528,209,0\n"
~"488,1689,987,1,5792,-20176,-32528,17,0\n"
~"489,1691,989,1,9184,-27440,-32528,113,0\n"
~"490,1693,991,1,10896,-27104,-32528,177,0\n"
~"491,1695,993,1,12336,-26352,-32528,241,0\n"
~"492,1697,995,1,12736,-26304,-32528,49,0\n"
~"493,1699,997,1,5760,-12816,-32528,113,0\n"
~"494,1701,999,1,3264,-9120,-32528,209,0\n"
~"495,1703,1001,1,3040,-8992,-32528,241,0\n"
~"496,1705,1003,1,3104,-9024,-32528,49,0\n"
~"497,1707,1005,1,3120,-9232,-32528,113,0\n"
~"498,1709,1007,1,3232,-9024,-32528,177,0\n"
~"499,1711,1009,1,3152,-9168,-32528,241,0\n"
~"500,1713,1011,1,3040,-9248,-32528,49,0\n"
~"501,1715,1013,1,3120,-9232,-32528,113,0\n"
~"502,1717,1015,1,3200,-9136,-32528,177,0\n"
~"503,1719,1017,1,3104,-9056,-32528,241,0\n"
~"504,1721,1019,1,3136,-9120,-32528,49,0\n"
~"505,1723,1021,1,3136,-9152,-32528,113,0\n"
~"506,1725,1023,1,3600,-9520,-32528,241,0\n"
~"507,1727,1025,1,16272,-24176,-32528,17,0\n"
~"508,1729,1027,1,16352,-24080,-32528,113,0\n"
~"509,1731,1029,1,16560,-24240,-32528,145,0\n"
~"510,1733,1031,1,16480,-24256,-32528,209,0\n"
~"511,1735,1033,1,16592,-24144,-32528,17,0\n"
~"512,1737,1035,1,16560,-24048,-32528,81,0\n"
~"513,1739,1037,1,13952,-19008,-32528,145,0\n"
~"514,1741,1039,1,3824,-8496,-32528,241,0\n"
~"515,1743,1041,1,3840,-8400,-32528,49,0\n"
~"516,1745,1043,1,3824,-8464,-32528,113,0\n"
~"517,1747,1045,1,3648,-8480,-32528,177,0\n"
~"518,1749,1047,1,3632,-8432,-32528,241,0\n"
~"519,1752,1050,1,3776,-8528,-32528,81,0\n"
~"520,1754,1052,1,3904,-8688,-32528,177,0\n"
~"521,1756,1054,1,3840,-8496,-32528,209,0\n"
~"522,1758,1056,1,3824,-8384,-32528,17,0\n"
~"523,1760,1058,1,4048,-9024,-32528,81,0\n"
~"524,1762,1060,1,13920,-25600,-32528,145,0\n"
~"525,1764,1062,1,14000,-25728,-32528,209,0\n"
~"526,1766,1064,1,14160,-25760,-32528,17,0\n"
~"527,1768,1066,1,14128,-25728,-32528,113,0\n"
~"528,1770,1068,1,14512,-25680,-32528,177,0\n"
~"529,1772,1070,1,15280,-24768,-32528,241,0\n"
~"530,1774,1072,1,8016,-12576,-32528,49,0\n"
~"531,1776,1074,1,3296,-8080,-32528,209,0\n"
~"532,1778,1076,1,3376,-7920,-32528,209,0\n"
~"533,1780,1078,1,3424,-7904,-32528,17,0\n"
~"534,1782,1080,1,3424,-8000,-32528,113,0\n"
~"535,1784,1082,1,3296,-7856,-32528,177,0\n"
~"536,1786,1084,1,3376,-7952,-32528,241,0\n"
~"537,1788,1086,1,3360,-7920,-32528,49,0\n"
~"538,1790,1088,1,3424,-7824,-32528,113,0\n"
~"539,1792,1090,1,3248,-8176,-32528,177,0\n"
~"540,1794,1092,1,3344,-7840,-32528,241,0\n"
~"541,1796,1094,1,2608,-10000,-32528,49,0\n"
~"542,1798,1096,1,-3824,-25840,-32528,113,0\n"
~"543,1800,1098,1,-4528,-27696,-32528,177,0\n"
~"544,1802,1100,1,-4592,-27888,-32528,241,0\n"
~"545,1804,1102,1,-4640,-28112,-32528,49,0\n"
~"546,1806,1104,1,-5008,-27776,-32528,113,0\n"
~"547,1808,1106,1,-9152,-26048,-32528,177,0\n"
~"548,1810,1108,1,-9280,-22560,-32528,17,0\n"
~"549,1812,1110,1,-3600,-10256,-32528,81,0\n"
~"550,1814,1112,1,-3568,-10320,-32528,145,0\n"
~"551,1816,1114,1,-3424,-10160,-32528,209,0\n"
~"552,1818,1116,1,-3616,-10016,-32528,17,0\n"
~"553,1820,1118,1,-3584,-10064,-32528,81,0\n"
~"554,1822,1120,1,-3616,-10128,-32528,145,0\n"
~"555,1824,1122,1,-3552,-10128,-32528,209,0\n"
~"556,1826,1124,1,-3568,-10256,-32528,113,0\n"
~"557,1828,1126,1,-3504,-10176,-32528,81,0\n"
~"558,1830,1128,1,-3408,-10240,-32528,145,0\n"
~"559,1832,1130,1,-3600,-10208,-32528,209,0\n"
~"560,1834,1132,1,-3552,-10112,-32528,17,0\n"
~"561,1836,1134,1,-3440,-10208,-32528,81,0\n"
~"562,1838,1136,1,-3552,-10192,-32528,145,0\n"
~"563,1840,1138,1,720,-7120,-32528,209,0\n"
~"564,1842,1140,1,21200,8624,-32528,49,0\n"
~"565,1844,1142,1,25056,11968,-32528,113,0\n"
~"566,1846,1144,1,24608,12832,-32528,177,0\n"
~"567,1848,1146,1,24512,12752,-32528,241,0\n"
~"568,1850,1148,1,24368,12624,-32528,49,0\n"
~"569,1853,1151,1,-1504,-6912,-32528,145,0\n"
~"570,1855,1153,1,-1328,-6912,-32528,209,0\n"
~"571,1857,1155,1,-1392,-7008,-32528,49,0\n"
~"572,1859,1157,1,-1216,-7008,-32528,145,0\n"
~"573,1861,1159,1,-1248,-6928,-32528,209,0\n"
~"574,1863,1161,1,-1424,-6928,-32528,17,0\n"
~"575,1865,1163,1,-1440,-6864,-32528,81,0\n"
~"576,1867,1165,1,-1344,-6976,-32528,145,0\n"
~"577,1869,1167,1,-1424,-6880,-32528,209,0\n"
~"578,1871,1169,1,-1392,-6864,-32528,49,0\n"
~"579,1873,1171,1,-1360,-7008,-32528,113,0\n"
~"580,1875,1173,1,-1344,-6896,-32528,177,0\n"
~"581,1877,1175,1,-1264,-6960,-32528,81,0\n"
~"582,1879,1177,1,-1200,-7120,-32528,81,0\n"
~"583,1881,1179,1,80,-5808,-32528,145,0\n"
~"584,1883,1181,1,20944,10032,-32528,209,0\n"
~"585,1885,1183,1,24784,12640,-32528,49,0\n"
~"586,1887,1185,1,24928,12752,-32528,113,0\n"
~"587,1889,1187,1,24912,12768,-32528,177,0\n"
~"588,1891,1189,1,24560,12480,-32528,241,0\n"
~"589,1893,1191,1,17104,6368,-32528,49,0\n"
~"590,1895,1193,1,-208,-6464,-32528,113,0\n"
~"591,1897,1195,1,-384,-6480,-32528,177,0\n"
~"592,1899,1197,1,-208,-6528,-32528,241,0\n"
~"593,1901,1199,1,-400,-6448,-32528,81,0\n"
~"594,1903,1201,1,-192,-6496,-32528,145,0\n"
~"595,1905,1203,1,-128,-6448,-32528,209,0\n"
~"596,1907,1205,1,-240,-6656,-32528,17,0\n"
~"597,1909,1207,1,-432,-6272,-32528,81,0\n"
~"598,1911,1209,1,-448,-6528,-32528,145,0\n"
~"599,1913,1211,1,-272,-6512,-32528,209,0\n"
~"600,1915,1213,1,-336,-6656,-32528,49,0\n"
~"601,1917,1215,1,-288,-6448,-32528,113,0\n"
~"602,1919,1217,1,-208,-6496,-32528,177,0\n"
~"603,1921,1219,1,-304,-6432,-32528,241,0\n"
~"604,1923,1221,1,7680,-1184,-32528,49,0\n"
~"605,1925,1223,1,25408,11376,-32528,113,0\n"
~"606,1927,1225,1,25472,11664,-32528,241,0\n"
~"607,1929,1227,1,25536,11632,-32528,241,0\n"
~"608,1931,1229,1,25456,11408,-32528,17,0\n"
~"609,1933,1231,1,25248,11104,-32528,81,0\n"
~"610,1935,1233,1,-4176,-8608,-32528,145,0\n"
~"611,1937,1235,1,-4144,-8560,-32528,209,0\n"
~"612,1939,1237,1,-4368,-8480,-32528,17,0\n"
~"613,1941,1239,1,-4144,-8528,-32528,81,0\n"
~"614,1943,1241,1,-4080,-8496,-32528,145,0\n"
~"615,1945,1243,1,-4256,-8272,-32528,241,0\n"
~"616,1947,1245,1,-4128,-8448,-32528,49,0\n"
~"617,1949,1247,1,-4240,-8560,-32528,113,0\n"
~"618,1951,1249,1,-4080,-8528,-32528,177,0\n"
~"619,1954,1252,1,-4176,-8464,-32528,17,0\n"
~"620,1956,1254,1,-4080,-8512,-32528,81,0\n"
~"621,1958,1256,1,-4080,-8352,-32528,177,0\n"
~"622,1960,1258,1,-4048,-8448,-32528,241,0\n"
~"623,1962,1260,1,-4176,-8528,-32528,49,0\n"
~"624,1964,1262,1,752,-5328,-32528,113,0\n"
~"625,1966,1264,1,23584,9760,-32528,177,0\n"
~"626,1968,1266,1,25328,11744,-32528,241,0\n"
~"627,1970,1268,1,25600,11792,-32528,49,0\n"
~"628,1972,1270,1,25536,11696,-32528,145,0\n"
~"629,1974,1272,1,25312,11408,-32528,209,0\n"
~"630,1976,1274,1,-4928,-8240,-32528,17,0\n"
~"631,1978,1276,1,-4624,-8048,-32528,177,0\n"
~"632,1980,1278,1,-4544,-7904,-32528,145,0\n"
~"633,1982,1280,1,-4464,-7984,-32528,209,0\n"
~"634,1984,1282,1,-4480,-8160,-32528,17,0\n"
~"635,1986,1284,1,-4480,-7888,-32528,113,0\n"
~"636,1988,1286,1,-4400,-7936,-32528,177,0\n"
~"637,1990,1288,1,-4384,-7968,-32528,241,0\n"
~"638,1992,1290,1,-4416,-7984,-32528,49,0\n"
~"639,1994,1292,1,-4432,-8032,-32528,113,0\n"
~"640,1996,1294,1,-4368,-7872,-32528,177,0\n"
~"641,1998,1296,1,-4464,-8032,-32528,241,0\n"
~"642,2000,1298,1,-4240,-8016,-32528,49,0\n"
~"643,2002,1300,1,-4560,-8048,-32528,145,0\n"
~"644,2004,1302,1,-4512,-8048,-32528,241,0\n"
~"645,2006,1304,1,1504,-3872,-32528,17,0\n"
~"646,2008,1306,1,19152,12416,-32528,81,0\n"
~"647,2010,1308,1,22592,14992,-32528,145,0\n"
~"648,2012,1310,1,22688,15104,-32528,209,0\n"
~"649,2014,1312,1,22656,15088,-32528,17,0\n"
~"650,2016,1314,1,22768,14912,-32528,113,0\n"
~"651,2018,1316,1,21792,14976,-32528,177,0\n"
~"652,2020,1318,1,-4784,-8576,-32528,241,0\n"
~"653,2022,1320,1,-4768,-8496,-32528,49,0\n"
~"654,2024,1322,1,-4720,-8432,-32528,113,0\n"
~"655,2026,1324,1,-4640,-8464,-32528,177,0\n"
~"656,2028,1326,1,-4576,-8528,-32528,49,0\n"
~"657,2030,1328,1,-4672,-8416,-32528,17,0\n"
~"658,2032,1330,1,-4640,-8528,-32528,81,0\n"
~"659,2034,1332,1,-4832,-8432,-32528,145,0\n"
~"660,2036,1334,1,-4576,-8432,-32528,209,0\n"
~"661,2038,1336,1,-4720,-8608,-32528,17,0\n"
~"662,2040,1338,1,-4688,-8528,-32528,81,0\n"
~"663,2042,1340,1,-4656,-8480,-32528,145,0\n"
~"664,2044,1342,1,-4624,-8400,-32528,209,0\n"
~"665,2046,1344,1,-4784,-8560,-32528,17,0\n"
~"666,2048,1346,1,-4480,-8224,-32528,81,0\n"
~"667,2050,1348,1,8352,4000,-32528,145,0\n"
~"668,2052,1350,1,20720,15920,-32528,209,0\n"
~"669,2055,1353,1,21552,15616,-32528,49,0\n"
~"670,2057,1355,1,23296,14352,-32528,113,0\n"
~"671,2059,1357,1,23328,13952,-32528,209,0\n"
~"672,2061,1359,1,-1280,-6080,-32528,17,0\n"
~"673,2063,1361,1,-4256,-8160,-32528,81,0\n"
~"674,2065,1363,1,-4192,-8032,-32528,145,0\n"
~"675,2067,1365,1,-4016,-8128,-32528,209,0\n"
~"676,2069,1367,1,-4064,-8032,-32528,17,0\n"
~"677,2071,1369,1,-4160,-8144,-32528,81,0\n"
~"678,2073,1371,1,-3904,-8096,-32528,145,0\n"
~"679,2075,1373,1,-4112,-8096,-32528,241,0\n"
~"680,2077,1375,1,-4112,-8048,-32528,49,0\n"
~"681,2079,1377,1,-4032,-7984,-32528,209,0\n"
~"682,2081,1379,1,-3936,-8112,-32528,177,0\n"
~"683,2083,1381,1,-4160,-7968,-32528,241,0\n"
~"684,2085,1383,1,-4064,-8080,-32528,49,0\n"
~"685,2087,1385,1,-4096,-8048,-32528,145,0\n"
~"686,2089,1387,1,-2944,-8192,-32528,209,0\n"
~"687,2091,1389,1,9744,-11856,-32528,17,0\n"
~"688,2093,1391,1,21904,-20160,-32528,81,0\n"
~"689,2095,1393,1,21888,-20256,-32528,145,0\n"
~"690,2097,1395,1,21920,-20224,-32528,209,0\n"
~"691,2099,1397,1,21920,-20224,-32528,17,0\n"
~"692,2101,1399,1,21888,-20240,-32528,113,0\n"
~"693,2103,1401,1,10992,-13008,-32528,177,0\n"
~"694,2105,1403,1,1456,-6800,-32528,241,0\n"
~"695,2107,1405,1,1376,-6800,-32528,49,0\n"
~"696,2109,1407,1,1600,-6640,-32528,113,0\n"
~"697,2111,1409,1,1504,-6912,-32528,177,0\n"
~"698,2113,1411,1,1696,-6608,-32528,17,0\n"
~"699,2115,1413,1,1520,-6720,-32528,81,0\n"
~"700,2117,1415,1,1344,-6736,-32528,145,0\n"
~"701,2119,1417,1,1456,-6848,-32528,209,0\n"
~"702,2121,1419,1,1536,-6848,-32528,17,0\n"
~"703,2123,1421,1,1488,-6688,-32528,81,0\n"
~"704,2125,1423,1,1424,-6592,-32528,177,0\n"
~"705,2127,1425,1,1408,-6624,-32528,241,0\n"
~"706,2129,1427,1,3360,-8992,-32528,145,0\n"
~"707,2131,1429,1,12576,-23504,-32528,113,0\n"
~"708,2133,1431,1,14256,-25824,-32528,177,0\n"
~"709,2135,1433,1,14160,-25952,-32528,241,0\n"
~"710,2137,1435,1,14160,-25808,-32528,49,0\n"
~"711,2139,1437,1,14272,-25984,-32528,145,0\n"
~"712,2141,1439,1,14288,-25696,-32528,209,0\n"
~"713,2143,1441,1,2000,-8272,-32528,17,0\n"
~"714,2145,1443,1,768,-6768,-32528,81,0\n"
~"715,2147,1445,1,880,-7056,-32528,145,0\n"
~"716,2149,1447,1,784,-6928,-32528,209,0\n"
~"717,2151,1449,1,768,-6848,-32528,49,0\n"
~"718,2153,1451,1,752,-7040,-32528,113,0\n"
~"719,2156,1454,1,656,-6880,-32528,209,0\n"
~"720,2158,1456,1,832,-6736,-32528,17,0\n"
~"721,2160,1458,1,832,-6880,-32528,81,0\n"
~"722,2162,1460,1,1056,-7056,-32528,145,0\n"
~"723,2164,1462,1,928,-6976,-32528,209,0\n"
~"724,2166,1464,1,4512,-17104,-32528,49,0\n"
~"725,2168,1466,1,9088,-27728,-32528,113,0\n"
~"726,2170,1468,1,9088,-27840,-32528,177,0\n"
~"727,2172,1470,1,9792,-27584,-32528,241,0\n"
~"728,2174,1472,1,13168,-26608,-32528,49,0\n"
~"729,2176,1474,1,13536,-26176,-32528,113,0\n"
~"730,2178,1476,1,15952,-22960,-32528,177,0\n"
~"731,2180,1478,1,3200,-7664,-32528,113,0\n"
~"732,2182,1480,1,2704,-7552,-32528,49,0\n"
~"733,2184,1482,1,2736,-7392,-32528,113,0\n"
~"734,2186,1484,1,3040,-7520,-32528,177,0\n"
~"735,2188,1486,1,2784,-7392,-32528,241,0\n"
~"736,2190,1488,1,2704,-7440,-32528,49,0\n"
~"737,2192,1490,1,2816,-7504,-32528,113,0\n"
~"738,2194,1492,1,2704,-7552,-32528,177,0\n"
~"739,2196,1494,1,2720,-7536,-32528,17,0\n"
~"740,2198,1496,1,2752,-7552,-32528,81,0\n"
~"741,2200,1498,1,2928,-7648,-32528,145,0\n"
~"742,2202,1500,1,2896,-7456,-32528,209,0\n"
~"743,2204,1502,1,2672,-7392,-32528,17,0\n"
~"744,2206,1504,1,2896,-7488,-32528,81,0\n"
~"745,2208,1506,1,2720,-7584,-32528,145,0\n"
~"746,2210,1508,1,10144,2848,-32528,241,0\n"
~"747,2212,1510,1,20016,15568,-32528,49,0\n"
~"748,2214,1512,1,19936,15728,-32528,113,0\n"
~"749,2216,1514,1,20096,15728,-32528,177,0\n"
~"750,2218,1516,1,20048,15712,-32528,241,0\n"
~"751,2220,1518,1,2672,-2432,-32528,49,0\n"
~"752,2222,1520,1,-3104,-8304,-32528,113,0\n"
~"753,2224,1522,1,-3120,-8384,-32528,177,0\n"
~"754,2226,1524,1,-3184,-8048,-32528,241,0\n"
~"755,2228,1526,1,-2992,-8288,-32528,49,0\n"
~"756,2230,1528,1,-3168,-8176,-32528,209,0\n"
~"757,2232,1530,1,-3232,-8240,-32528,177,0\n"
~"758,2234,1532,1,-3312,-8192,-32528,241,0\n"
~"759,2236,1534,1,-3136,-8240,-32528,49,0\n"
~"760,2238,1536,1,-3264,-8240,-32528,113,0\n"
~"761,2240,1538,1,-3360,-8224,-32528,209,0\n"
~"762,2242,1540,1,-3184,-8288,-32528,17,0\n"
~"763,2244,1542,1,-3296,-8336,-32528,81,0\n"
~"764,2246,1544,1,-3056,-8160,-32528,145,0\n"
~"765,2248,1546,1,-3184,-8368,-32528,209,0\n"
~"766,2250,1548,1,6240,-224,-32528,17,0\n"
~"767,2252,1550,1,20704,15120,-32528,81,0\n"
~"768,2254,1552,1,20816,15408,-32528,145,0\n"
~"769,2257,1555,1,20816,15344,-32528,241,0\n"
~"770,2259,1557,1,5232,3488,-32528,49,0\n"
~"771,2261,1559,1,-3840,-7664,-32528,113,0\n"
~"772,2263,1561,1,-3696,-7840,-32528,177,0\n"
~"773,2265,1563,1,-3568,-7696,-32528,241,0\n"
~"774,2267,1565,1,-3552,-7600,-32528,49,0\n"
~"775,2269,1567,1,-3648,-7568,-32528,113,0\n"
~"776,2271,1569,1,-3552,-7760,-32528,177,0\n"
~"777,2273,1571,1,-3696,-7728,-32528,17,0\n"
~"778,2275,1573,1,-3568,-7696,-32528,81,0\n"
~"779,2277,1575,1,-3872,-7728,-32528,145,0\n"
~"780,2279,1577,1,-3680,-7792,-32528,209,0\n"
~"781,2281,1579,1,-3696,-7680,-32528,113,0\n"
~"782,2283,1581,1,-3680,-7680,-32528,81,0\n"
~"783,2285,1583,1,-3872,-7680,-32528,145,0\n"
~"784,2287,1585,1,-4736,4544,-32528,209,0\n"
~"785,2289,1587,1,-4368,18352,-32528,17,0\n"
~"786,2291,1589,1,-3744,18528,-32528,81,0\n"
~"787,2293,1591,1,-3824,18608,-32528,145,0\n"
~"788,2295,1593,1,-3584,18400,-32528,209,0\n"
~"789,2297,1595,1,-720,-8048,-32528,17,0\n"
~"790,2299,1597,1,-768,-8032,-32528,81,0\n"
~"791,2301,1599,1,-656,-8080,-32528,145,0\n"
~"792,2303,1601,1,-720,-8032,-32528,209,0\n"
~"793,2305,1603,1,-672,-8144,-32528,17,0\n"
~"794,2307,1605,1,-672,-8064,-32528,81,0\n"
~"795,2309,1607,1,-752,-7952,-32528,177,0\n"
~"796,2311,1609,1,-864,-8080,-32528,241,0\n"
~"797,2313,1611,1,-704,-7936,-32528,49,0\n"
~"798,2315,1613,1,-736,-8016,-32528,113,0\n"
~"799,2317,1615,1,-928,-8048,-32528,177,0\n"
~"800,2319,1617,1,-1008,-7808,-32528,241,0\n"
~"801,2321,1619,1,-7488,-912,-32528,49,0\n"
~"802,2323,1621,1,-15984,10576,-32528,113,0\n"
~"803,2325,1623,1,-13328,13616,-32528,177,0\n"
~"804,2327,1625,1,-13200,13648,-32528,241,0\n"
~"805,2329,1627,1,-13056,13696,-32528,49,0\n"
~"806,2331,1629,1,-12976,13520,-32528,241,0\n"
~"807,2333,1631,1,-304,-5840,-32528,209,0\n"
~"808,2335,1633,1,-160,-5728,-32528,17,0\n"
~"809,2337,1635,1,-320,-5648,-32528,81,0\n"
~"810,2339,1637,1,-144,-5760,-32528,145,0\n"
~"811,2341,1639,1,-176,-5808,-32528,241,0\n"
~"812,2343,1641,1,-208,-5728,-32528,49,0\n"
~"813,2345,1643,1,-208,-5968,-32528,113,0\n"
~"814,2347,1645,1,-96,-5728,-32528,177,0\n"
~"815,2349,1647,1,-128,-5648,-32528,241,0\n"
~"816,2351,1649,1,-144,-5904,-32528,49,0\n"
~"817,2353,1651,1,-192,-5760,-32528,113,0\n"
~"818,2355,1653,1,-3984,2880,-32528,177,0\n"
~"819,2358,1656,1,-9360,16192,-32528,17,0\n"
~"820,2360,1658,1,-9232,16080,-32528,81,0\n"
~"821,2362,1660,1,-9552,15808,-32528,145,0\n"
~"822,2364,1662,1,-496,-6352,-32528,209,0\n"
~"823,2366,1664,1,-544,-6288,-32528,17,0\n"
~"824,2368,1666,1,-320,-6256,-32528,81,0\n"
~"825,2370,1668,1,-448,-6272,-32528,145,0\n"
~"826,2372,1670,1,-464,-6336,-32528,209,0\n"
~"827,2374,1672,1,-512,-6336,-32528,49,0\n"
~"828,2376,1674,1,-432,-6176,-32528,113,0\n"
~"829,2378,1676,1,-496,-6512,-32528,177,0\n"
~"830,2380,1678,1,-416,-6320,-32528,241,0\n"
~"831,2382,1680,1,-416,-6256,-32528,145,0\n"
~"832,2384,1682,1,-384,-6288,-32528,113,0\n"
~"833,2386,1684,1,-432,-6240,-32528,177,0\n"
~"834,2388,1686,1,-464,-6352,-32528,241,0\n"
~"835,2390,1688,1,-576,-6352,-32528,49,0\n"
~"836,2392,1690,1,8272,7392,-32528,113,0\n"
~"837,2394,1692,1,16080,17792,-32528,177,0\n"
~"838,2396,1694,1,16880,17648,-32528,17,0\n"
~"839,2398,1696,1,19856,16176,-32528,81,0\n"
~"840,2400,1698,1,20752,15696,-32528,145,0\n"
~"841,2402,1700,1,1888,-3968,-32528,209,0\n"
~"842,2404,1702,1,-3232,-8560,-32528,17,0\n"
~"843,2406,1704,1,-3328,-8432,-32528,81,0\n"
~"844,2408,1706,1,-3248,-8528,-32528,145,0\n"
~"845,2410,1708,1,-3200,-8528,-32528,209,0\n"
~"846,2412,1710,1,-3200,-8528,-32528,17,0\n"
~"847,2414,1712,1,-3232,-8448,-32528,81,0\n"
~"848,2416,1714,1,-3072,-8416,-32528,145,0\n"
~"849,2418,1716,1,-3120,-8592,-32528,209,0\n"
~"850,2420,1718,1,-3216,-8480,-32528,17,0\n"
~"851,2422,1720,1,-3360,-8368,-32528,81,0\n"
~"852,2424,1722,1,-3280,-8416,-32528,145,0\n"
~"853,2426,1724,1,-3168,-8320,-32528,209,0\n"
~"854,2428,1726,1,-3168,-8464,-32528,17,0\n"
~"855,2430,1728,1,-2768,-8352,-32528,113,0\n"
~"856,2432,1730,1,10352,2944,-32528,49,0\n"
~"857,2434,1732,1,23056,13712,-32528,17,0\n"
~"858,2436,1734,1,22880,13808,-32528,81,0\n"
~"859,2438,1736,1,23056,13824,-32528,145,0\n"
~"860,2440,1738,1,22976,13632,-32528,209,0\n"
~"861,2442,1740,1,-3856,-8512,-32528,17,0\n"
~"862,2444,1742,1,-3408,-8240,-32528,81,0\n"
~"863,2446,1744,1,-3600,-8368,-32528,145,0\n"
~"864,2448,1746,1,-3472,-8256,-32528,209,0\n"
~"865,2450,1748,1,-3440,-8112,-32528,17,0\n"
~"866,2452,1750,1,-3488,-8272,-32528,81,0\n"
~"867,2454,1752,1,-3264,-8112,-32528,145,0\n"
~"868,2456,1754,1,-3520,-8224,-32528,241,0\n"
~"869,2459,1757,1,-3504,-8336,-32528,81,0\n"
~"870,2461,1759,1,-3392,-8208,-32528,145,0\n"
~"871,2463,1761,1,-3360,-8400,-32528,209,0\n"
~"872,2465,1763,1,-3456,-8208,-32528,17,0\n"
~"873,2467,1765,1,-3392,-8208,-32528,81,0\n"
~"874,2469,1767,1,-3504,-8064,-32528,177,0\n"
~"875,2471,1769,1,9408,3392,-32528,241,0\n"
~"876,2473,1771,1,20576,15600,-32528,49,0\n"
~"877,2475,1773,1,20784,15696,-32528,113,0\n"
~"878,2477,1775,1,21024,15424,-32528,177,0\n"
~"879,2479,1777,1,20992,15328,-32528,241,0\n"
~"880,2481,1779,1,-928,-6528,-32528,49,0\n"
~"881,2483,1781,1,-3264,-8512,-32528,241,0\n"
~"882,2485,1783,1,-3280,-8400,-32528,209,0\n"
~"883,2487,1785,1,-3232,-8416,-32528,17,0\n"
~"884,2489,1787,1,-3152,-8256,-32528,81,0\n"
~"885,2491,1789,1,-3136,-8192,-32528,145,0\n"
~"886,2493,1791,1,-2976,-8240,-32528,241,0\n"
~"887,2495,1793,1,-3072,-8336,-32528,49,0\n"
~"888,2497,1795,1,-3152,-8144,-32528,113,0\n"
~"889,2499,1797,1,-2992,-8288,-32528,177,0\n"
~"890,2501,1799,1,-3136,-8240,-32528,241,0\n"
~"891,2503,1801,1,-2928,-8304,-32528,49,0\n"
~"892,2505,1803,1,-13616,-20192,-32528,145,0\n"
~"893,2507,1805,1,-15008,-21840,-32528,209,0\n"
~"894,2509,1807,1,-15120,-21888,-32528,17,0\n"
~"895,2511,1809,1,-15024,-21776,-32528,81,0\n"
~"896,2513,1811,1,-14896,-21392,-32528,145,0\n"
~"897,2515,1813,1,-1264,-5312,-32528,209,0\n"
~"898,2517,1815,1,-1248,-5408,-32528,17,0\n"
~"899,2519,1817,1,-1264,-5296,-32528,81,0\n"
~"900,2521,1819,1,-1264,-5296,-32528,145,0\n"
~"901,2523,1821,1,-1152,-5456,-32528,209,0\n"
~"902,2525,1823,1,-1216,-5456,-32528,17,0\n"
~"903,2527,1825,1,-1264,-5360,-32528,81,0\n"
~"904,2529,1827,1,-1328,-5344,-32528,145,0\n"
~"905,2531,1829,1,-1184,-5168,-32528,209,0\n"
~"906,2533,1831,1,-1136,-5376,-32528,145,0\n"
~"907,2535,1833,1,-1312,-5248,-32528,113,0\n"
~"908,2537,1835,1,-1184,-5408,-32528,177,0\n"
~"909,2539,1837,1,-1328,-5424,-32528,241,0\n"
~"910,2541,1839,1,-1216,-5392,-32528,81,0\n"
~"911,2543,1841,1,-1232,-5168,-32528,145,0\n"
~"912,2545,1843,1,-1264,-5424,-32528,209,0\n"
~"913,2547,1845,1,-4992,-16224,-32528,17,0\n"
~"914,2549,1847,1,-11136,-25216,-32528,81,0\n"
~"915,2551,1849,1,-11216,-25280,-32528,145,0\n"
~"916,2553,1851,1,-11312,-25152,-32528,241,0\n"
~"917,2555,1853,1,-11536,-24800,-32528,49,0\n"
~"918,2557,1855,1,-8752,-17760,-32528,113,0\n"
~"919,2560,1858,1,-1552,-6560,-32528,209,0\n"
~"920,2562,1860,1,-1472,-6480,-32528,17,0\n"
~"921,2564,1862,1,-1376,-6416,-32528,113,0\n"
~"922,2566,1864,1,-1424,-6592,-32528,177,0\n"
~"923,2568,1866,1,-1408,-6464,-32528,241,0\n"
~"924,2570,1868,1,-1504,-6480,-32528,49,0\n"
~"925,2572,1870,1,-1360,-6448,-32528,113,0\n"
~"926,2574,1872,1,-1520,-6576,-32528,177,0\n"
~"927,2576,1874,1,-1568,-6656,-32528,17,0\n"
~"928,2578,1876,1,-1600,-6336,-32528,81,0\n"
~"929,2580,1878,1,-1552,-6576,-32528,145,0\n"
~"930,2582,1880,1,-1520,-6496,-32528,209,0\n"
~"931,2584,1882,1,-1360,-6496,-32528,113,0\n"
~"932,2586,1884,1,-1520,-6368,-32528,81,0\n"
~"933,2588,1886,1,-17472,-18256,-32528,177,0\n"
~"934,2590,1888,1,-17840,-18496,-32528,241,0\n"
~"935,2592,1890,1,-17680,-18512,-32528,49,0\n"
~"936,2594,1892,1,-17808,-18512,-32528,113,0\n"
~"937,2596,1894,1,-4288,-7504,-32528,177,0\n"
~"938,2598,1896,1,-2528,-5936,-32528,241,0\n"
~"939,2600,1898,1,-2352,-5984,-32528,49,0\n"
~"940,2602,1900,1,-2272,-6048,-32528,145,0\n"
~"941,2604,1902,1,-2432,-6000,-32528,209,0\n"
~"942,2606,1904,1,-2544,-6016,-32528,17,0\n"
~"943,2608,1906,1,-2560,-5984,-32528,81,0\n"
~"944,2610,1908,1,-2400,-5952,-32528,145,0\n"
~"945,2612,1910,1,-2368,-5856,-32528,209,0\n"
~"946,2614,1912,1,-2416,-6000,-32528,49,0\n"
~"947,2616,1914,1,-2480,-6016,-32528,113,0\n"
~"948,2618,1916,1,-2320,-5984,-32528,177,0\n"
~"949,2620,1918,1,-2496,-5872,-32528,241,0\n"
~"950,2622,1920,1,-2352,-5968,-32528,49,0\n"
~"951,2624,1922,1,-2336,-5888,-32528,113,0\n"
~"952,2626,1924,1,-2304,-6032,-32528,177,0\n"
~"953,2628,1926,1,-2512,-6048,-32528,241,0\n"
~"954,2630,1928,1,-2384,-6080,-32528,49,0\n"
~"955,2632,1930,1,-2272,-6096,-32528,113,0\n"
~"956,2634,1932,1,-2336,-6080,-32528,17,0\n"
~"957,2636,1934,1,3728,-7376,-32528,241,0\n"
~"958,2638,1936,1,25072,-14736,-32528,49,0\n"
~"959,2640,1938,1,25920,-15088,-32528,113,0\n"
~"960,2642,1940,1,25872,-14928,-32528,177,0\n"
~"961,2644,1942,1,25808,-15232,-32528,241,0\n"
~"962,2646,1944,1,25536,-14944,-32528,49,0\n"
~"963,2648,1946,1,15984,-11440,-32528,145,0\n"
~"964,2650,1948,1,-1264,-5376,-32528,209,0\n"
~"965,2652,1950,1,-1024,-5472,-32528,17,0\n"
~"966,2654,1952,1,-1200,-5392,-32528,81,0\n"
~"967,2656,1954,1,-1232,-5328,-32528,145,0\n"
~"968,2658,1956,1,-1120,-5408,-32528,209,0\n"
~"969,2661,1959,1,-1200,-5344,-32528,81,0\n"
~"970,2663,1961,1,-1104,-5424,-32528,145,0\n"
~"971,2665,1963,1,-1248,-5216,-32528,209,0\n"
~"972,2667,1965,1,-928,-5360,-32528,17,0\n"
~"973,2669,1967,1,-1072,-5440,-32528,81,0\n"
~"974,2671,1969,1,-848,-5328,-32528,145,0\n"
~"975,2673,1971,1,-1040,-5456,-32528,241,0\n"
~"976,2675,1973,1,7376,-21760,-32528,49,0\n"
~"977,2677,1975,1,10416,-27360,-32528,113,0\n"
~"978,2679,1977,1,12064,-27072,-32528,177,0\n"
~"979,2681,1979,1,12784,-26608,-32528,241,0\n"
~"980,2683,1981,1,13072,-26448,-32528,49,0\n"
~"981,2685,1983,1,12816,-26432,-32528,209,0\n"
~"982,2687,1985,1,2064,-7792,-32528,177,0\n"
~"983,2689,1987,1,2000,-7664,-32528,241,0\n"
~"984,2691,1989,1,2016,-7696,-32528,49,0\n"
~"985,2693,1991,1,2144,-7744,-32528,113,0\n"
~"986,2695,1993,1,2128,-7776,-32528,177,0\n"
~"987,2697,1995,1,1936,-7712,-32528,241,0\n"
~"988,2699,1997,1,2048,-7792,-32528,49,0\n"
~"989,2701,1999,1,2032,-7632,-32528,145,0\n"
~"990,2703,2001,1,1984,-7776,-32528,209,0\n"
~"991,2705,2003,1,2112,-7840,-32528,17,0\n"
~"992,2707,2005,1,1920,-7760,-32528,81,0\n"
~"993,2709,2007,1,2032,-7680,-32528,145,0\n"
~"994,2711,2009,1,2000,-7776,-32528,209,0\n"
~"995,2713,2011,1,1952,-7744,-32528,49,0\n"
~"996,2715,2013,1,10272,-21584,-32528,113,0\n"
~"997,2717,2015,1,13328,-26688,-32528,177,0\n"
~"998,2719,2017,1,13264,-26800,-32528,241,0\n"
~"999,2721,2019,1,13184,-26656,-32528,49,0\n"
~"1000,2723,2021,1,13136,-26704,-32528,113,0\n"
~"1001,2725,2023,1,13040,-25952,-32528,177,0\n"
~"1002,2727,2025,1,2752,-7680,-32528,241,0\n"
~"1003,2729,2027,1,2768,-7760,-32528,49,0\n"
~"1004,2731,2029,1,2672,-7664,-32528,113,0\n"
~"1005,2733,2031,1,2768,-7872,-32528,177,0\n"
~"1006,2735,2033,1,2864,-7760,-32528,81,0\n"
~"1007,2737,2035,1,2784,-7680,-32528,49,0\n"
~"1008,2739,2037,1,2928,-7760,-32528,113,0\n"
~"1009,2741,2039,1,2912,-7872,-32528,177,0\n"
~"1010,2743,2041,1,2912,-7744,-32528,17,0\n"
~"1011,2745,2043,1,2912,-7696,-32528,81,0\n"
~"1012,2747,2045,1,2848,-7792,-32528,145,0\n"
~"1013,2749,2047,1,2720,-7664,-32528,209,0\n"
~"1014,2751,2049,1,8688,-14480,-32528,17,0\n"
~"1015,2753,2051,1,17056,-24512,-32528,81,0\n"
~"1016,2755,2053,1,17040,-24368,-32528,145,0\n"
~"1017,2757,2055,1,17232,-24368,-32528,241,0\n"
~"1018,2759,2057,1,17200,-24432,-32528,49,0\n"
~"1019,2762,2060,1,17152,-24336,-32528,145,0\n"
~"1020,2764,2062,1,8032,-11424,-32528,209,0\n"
~"1021,2766,2064,1,1872,-5856,-32528,17,0\n"
~"1022,2768,2066,1,1920,-6096,-32528,81,0\n"
~"1023,2770,2068,1,1840,-5984,-32528,145,0\n"
~"1024,2772,2070,1,1984,-5840,-32528,209,0\n"
~"1025,2774,2072,1,1872,-6032,-32528,17,0\n"
~"1026,2776,2074,1,1856,-6016,-32528,81,0\n"
~"1027,2778,2076,1,1936,-6048,-32528,145,0\n"
~"1028,2780,2078,1,1744,-5840,-32528,209,0\n"
~"1029,2782,2080,1,1888,-5936,-32528,49,0\n"
~"1030,2784,2082,1,1840,-6000,-32528,113,0\n"
~"1031,2786,2084,1,1824,-5840,-32528,49,0\n"
~"1032,2788,2086,1,1968,-6080,-32528,17,0\n"
~"1033,2790,2088,1,1920,-5984,-32528,81,0\n"
~"1034,2792,2090,1,1760,-5840,-32528,145,0\n"
~"1035,2794,2092,1,3872,-4416,-32528,209,0\n"
~"1036,2796,2094,1,23824,11792,-32528,49,0\n"
~"1037,2798,2096,1,23440,12832,-32528,113,0\n"
~"1038,2800,2098,1,23136,13008,-32528,177,0\n"
~"1039,2802,2100,1,23200,13024,-32528,241,0\n"
~"1040,2804,2102,1,18896,10464,-32528,49,0\n"
~"1041,2806,2104,1,-3056,-7456,-32528,113,0\n"
~"1042,2808,2106,1,-3120,-7296,-32528,177,0\n"
~"1043,2810,2108,1,-2832,-7312,-32528,241,0\n"
~"1044,2812,2110,1,-3008,-7296,-32528,49,0\n"
~"1045,2814,2112,1,-3040,-7440,-32528,113,0\n"
~"1046,2816,2114,1,-3168,-7520,-32528,177,0\n"
~"1047,2818,2116,1,-3216,-7376,-32528,241,0\n"
~"1048,2820,2118,1,-3136,-7472,-32528,49,0\n"
~"1049,2822,2120,1,-3040,-7424,-32528,113,0\n"
~"1050,2824,2122,1,-3040,-7360,-32528,177,0\n"
~"1051,2826,2124,1,-3088,-7520,-32528,241,0\n"
~"1052,2828,2126,1,-3088,-7456,-32528,49,0\n"
~"1053,2830,2128,1,-3136,-7456,-32528,113,0\n"
~"1054,2832,2130,1,-3056,-7520,-32528,209,0\n"
~"1055,2834,2132,1,-3056,-7536,-32528,17,0\n"
~"1056,2836,2134,1,-144,-6384,-32528,177,0\n"
~"1057,2838,2136,1,20496,10368,-32528,145,0\n"
~"1058,2840,2138,1,23216,12704,-32528,209,0\n"
~"1059,2842,2140,1,23296,12656,-32528,17,0\n"
~"1060,2844,2142,1,23136,12608,-32528,113,0\n"
~"1061,2846,2144,1,-2496,-7312,-32528,177,0\n"
~"1062,2848,2146,1,-3456,-7920,-32528,241,0\n"
~"1063,2850,2148,1,-3408,-7968,-32528,49,0\n"
~"1064,2852,2150,1,-3488,-8048,-32528,113,0\n"
~"1065,2854,2152,1,-3408,-7888,-32528,177,0\n"
~"1066,2856,2154,1,-3456,-7920,-32528,241,0\n"
~"1067,2858,2156,1,-3424,-7968,-32528,81,0\n"
~"1068,2860,2158,1,-3328,-7936,-32528,145,0\n"
~"1069,2863,2161,1,-3424,-7872,-32528,241,0\n"
~"1070,2865,2163,1,-3328,-7856,-32528,49,0\n"
~"1071,2867,2165,1,-3456,-8000,-32528,113,0\n"
~"1072,2869,2167,1,-3488,-7856,-32528,177,0\n"
~"1073,2871,2169,1,-3376,-7872,-32528,241,0\n"
~"1074,2873,2171,1,-3504,-7888,-32528,81,0\n"
~"1075,2875,2173,1,-3392,-8032,-32528,145,0\n"
~"1076,2877,2175,1,11216,3808,-32528,209,0\n"
~"1077,2879,2177,1,22848,12336,-32528,17,0\n"
~"1078,2881,2179,1,22912,12864,-32528,81,0\n"
~"1079,2883,2181,1,22624,12960,-32528,145,0\n"
~"1080,2885,2183,1,22480,12640,-32528,209,0\n"
~"1081,2887,2185,1,9136,6240,-32528,113,0\n"
~"1082,2889,2187,1,-752,-4992,-32528,81,0\n"
~"1083,2891,2189,1,-944,-5024,-32528,145,0\n"
~"1084,2893,2191,1,-912,-5024,-32528,209,0\n"
~"1085,2895,2193,1,-992,-5104,-32528,17,0\n"
~"1086,2897,2195,1,-896,-4976,-32528,81,0\n"
~"1087,2899,2197,1,-848,-5152,-32528,145,0\n"
~"1088,2901,2199,1,-960,-5056,-32528,209,0\n"
~"1089,2903,2201,1,-1088,-5024,-32528,241,0\n"
~"1090,2905,2203,1,-896,-4992,-32528,49,0\n"
~"1091,2907,2205,1,-912,-5072,-32528,113,0\n"
~"1092,2909,2207,1,-976,-5072,-32528,177,0\n"
~"1093,2911,2209,1,-784,-4976,-32528,241,0\n"
~"1094,2913,2211,1,-1088,-5168,-32528,49,0\n"
~"1095,2915,2213,1,6608,3232,-32528,113,0\n"
~"1096,2917,2215,1,18288,15792,-32528,209,0\n"
~"1097,2919,2217,1,18208,16032,-32528,17,0\n"
~"1098,2921,2219,1,18128,15984,-32528,81,0\n"
~"1099,2923,2221,1,18256,15712,-32528,145,0\n"
~"1100,2925,2223,1,18304,15936,-32528,209,0\n"
~"1101,2927,2225,1,-624,-4320,-32528,17,0\n"
~"1102,2929,2227,1,-672,-4384,-32528,81,0\n"
~"1103,2931,2229,1,-560,-4384,-32528,177,0\n"
~"1104,2933,2231,1,-496,-4432,-32528,17,0\n"
~"1105,2935,2233,1,-592,-4448,-32528,81,0\n"
~"1106,2937,2235,1,-560,-4304,-32528,241,0\n"
~"1107,2939,2237,1,-528,-4304,-32528,209,0\n"
~"1108,2941,2239,1,-800,-4688,-32528,17,0\n"
~"1109,2943,2241,1,-592,-4336,-32528,81,0\n"
~"1110,2945,2243,1,-576,-4304,-32528,177,0\n"
~"1111,2947,2245,1,-528,-4400,-32528,241,0\n"
~"1112,2949,2247,1,-480,-4384,-32528,49,0\n"
~"1113,2951,2249,1,2480,-128,-32528,113,0\n"
~"1114,2953,2251,1,18480,15520,-32528,177,0\n"
~"1115,2955,2253,1,18496,15600,-32528,241,0\n"
~"1116,2957,2255,1,18576,15744,-32528,81,0\n"
~"1117,2959,2257,1,18560,15520,-32528,145,0\n"
~"1118,2961,2259,1,17200,14720,-32528,209,0\n"
~"1119,2964,2262,1,-2272,-6976,-32528,49,0\n"
~"1120,2966,2264,1,-2032,-6848,-32528,113,0\n"
~"1121,2968,2266,1,-2304,-6880,-32528,177,0\n"
~"1122,2970,2268,1,-2160,-6976,-32528,17,0\n"
~"1123,2972,2270,1,-2128,-6672,-32528,81,0\n"
~"1124,2974,2272,1,-2304,-6832,-32528,145,0\n"
~"1125,2976,2274,1,-2240,-7008,-32528,209,0\n"
~"1126,2978,2276,1,-2192,-6944,-32528,17,0\n"
~"1127,2980,2278,1,-2176,-6832,-32528,81,0\n"
~"1128,2982,2280,1,-2320,-7088,-32528,177,0\n"
~"1129,2984,2282,1,-2176,-6880,-32528,241,0\n"
~"1130,2986,2284,1,-2048,-6752,-32528,49,0\n"
~"1131,2988,2286,1,-2208,-6848,-32528,209,0\n"
~"1132,2990,2288,1,-2080,-6848,-32528,177,0\n"
~"1133,2992,2290,1,-384,-5536,-32528,241,0\n"
~"1134,2994,2292,1,14640,7840,-32528,49,0\n"
~"1135,2996,2294,1,20704,14208,-32528,145,0\n"
~"1136,2998,2296,1,20816,14352,-32528,209,0\n"
~"1137,3000,2298,1,20736,13920,-32528,17,0\n"
~"1138,3002,2300,1,20048,13584,-32528,81,0\n"
~"1139,3004,2302,1,-2352,-6992,-32528,145,0\n"
~"1140,3006,2304,1,-2288,-7136,-32528,209,0\n"
~"1141,3008,2306,1,-2144,-7072,-32528,17,0\n"
~"1142,3010,2308,1,-2272,-6752,-32528,81,0\n"
~"1143,3012,2310,1,-2400,-6976,-32528,177,0\n"
~"1144,3014,2312,1,-2160,-6928,-32528,241,0\n"
~"1145,3016,2314,1,-2400,-7024,-32528,49,0\n"
~"1146,3018,2316,1,-2144,-6864,-32528,113,0\n"
~"1147,3020,2318,1,-2256,-6896,-32528,177,0\n"
~"1148,3022,2320,1,-2240,-6976,-32528,241,0\n"
~"1149,3024,2322,1,-2352,-7184,-32528,49,0\n"
~"1150,3026,2324,1,-2304,-6912,-32528,145,0\n"
~"1151,3028,2326,1,-2272,-6880,-32576,209,0\n"
~"1152,3030,2328,1,-2368,-6832,-32528,17,0\n"
~"1153,3032,2330,1,-1936,-6528,-32528,81,0\n"
~"1154,3034,2332,1,10256,9760,-32528,145,0\n"
~"1155,3036,2334,1,17216,16448,-32528,209,0\n"
~"1156,3038,2336,1,18032,16080,-32528,113,0\n"
~"1157,3040,2338,1,18928,15104,-32528,81,0\n"
~"1158,3042,2340,1,19072,15296,-32528,145,0\n"
~"1159,3044,2342,1,-3280,-8352,-32528,209,0\n"
~"1160,3046,2344,1,-2912,-8032,-32528,17,0\n"
~"1161,3048,2346,1,-3152,-7968,-32528,81,0\n"
~"1162,3050,2348,1,-3152,-8000,-32528,145,0\n"
~"1163,3052,2350,1,-3056,-8064,-32528,241,0\n"
~"1164,3054,2352,1,-3184,-8272,-32528,49,0\n"
~"1165,3056,2354,1,-3072,-8080,-32528,113,0\n"
~"1166,3058,2356,1,-3088,-8224,-32528,177,0\n"
~"1167,3060,2358,1,-2976,-8000,-32528,241,0\n"
~"1168,3062,2360,1,-3200,-8272,-32528,49,0\n"
~"1169,3065,2363,1,-2976,-8208,-32528,177,0\n"
~"1170,3067,2365,1,-3152,-8160,-32528,241,0\n"
~"1171,3069,2367,1,-2992,-8048,-32528,49,0\n"
~"1172,3071,2369,1,14624,-21232,-32528,113,0\n"
~"1173,3073,2371,1,18496,-24400,-32528,177,0\n"
~"1174,3075,2373,1,18688,-24672,-32528,241,0\n"
~"1175,3077,2375,1,18640,-24448,-32528,49,0\n"
~"1176,3079,2377,1,16256,-21712,-32528,145,0\n"
~"1177,3081,2379,1,1600,-6416,-32528,209,0\n"
~"1178,3083,2381,1,1616,-6416,-32528,17,0\n"
~"1179,3085,2383,1,1536,-6416,-32528,81,0\n"
~"1180,3087,2385,1,1504,-6496,-32528,145,0\n"
~"1181,3089,2387,1,1568,-6272,-32528,49,0\n"
~"1182,3091,2389,1,1456,-6368,-32528,17,0\n"
~"1183,3093,2391,1,1536,-6256,-32528,113,0\n"
~"1184,3095,2393,1,1456,-6368,-32576,177,0\n"
~"1185,3097,2395,1,1504,-6512,-32528,241,0\n"
~"1186,3099,2397,1,1536,-6400,-32528,49,0\n"
~"1187,3101,2399,1,1568,-6256,-32528,113,0\n"
~"1188,3103,2401,1,13392,-21328,-32528,177,0\n"
~"1189,3105,2403,1,17568,-25200,-32528,17,0\n"
~"1190,3107,2405,1,17760,-25152,-32528,81,0\n"
~"1191,3109,2407,1,17728,-25120,-32528,145,0\n"
~"1192,3111,2409,1,17744,-25120,-32528,209,0\n"
~"1193,3113,2411,1,16144,-22544,-32528,17,0\n"
~"1194,3115,2413,1,2064,-5744,-32528,81,0\n"
~"1195,3117,2415,1,1984,-5776,-32528,145,0\n"
~"1196,3119,2417,1,2000,-5888,-32528,241,0\n"
~"1197,3121,2419,1,1920,-5952,-32528,49,0\n"
~"1198,3123,2421,1,2080,-5872,-32528,113,0\n"
~"1199,3125,2423,1,2016,-5872,-32528,177,0\n"
~"1200,3127,2425,1,2032,-6144,-32528,241,0\n"
~"1201,3129,2427,1,2016,-5808,-32528,49,0\n"
~"1202,3131,2429,1,1904,-5904,-32528,145,0\n"
~"1203,3133,2431,1,1888,-5856,-32528,209,0\n"
~"1204,3135,2433,1,1920,-5936,-32528,17,0\n"
~"1205,3137,2435,1,2096,-5872,-32528,81,0\n"
~"1206,3139,2437,1,4864,-9760,-32528,241,0\n"
~"1207,3141,2439,1,12576,-17088,-32528,209,0\n"
~"1208,3143,2441,1,19088,-23584,-32528,17,0\n"
~"1209,3145,2443,1,19008,-23520,-32528,81,0\n"
~"1210,3147,2445,1,19072,-23392,-32528,145,0\n"
~"1211,3149,2447,1,18912,-23264,-32528,209,0\n"
~"1212,3151,2449,1,2512,-7584,-32528,17,0\n"
~"1213,3153,2451,1,1312,-6256,-32528,81,0\n"
~"1214,3155,2453,1,1568,-6064,-32528,145,0\n"
~"1215,3157,2455,1,1424,-6160,-32528,209,0\n"
~"1216,3159,2457,1,1632,-6176,-32528,17,0\n"
~"1217,3161,2459,1,1328,-6032,-32528,81,0\n"
~"1218,3163,2461,1,1600,-6208,-32528,145,0\n"
~"1219,3166,2464,1,1488,-6176,-32528,241,0\n"
~"1220,3168,2466,1,1456,-6080,-32528,49,0\n"
~"1221,3170,2468,1,1392,-6192,-32528,113,0\n"
~"1222,3172,2470,1,1632,-6176,-32528,177,0\n"
~"1223,3174,2472,1,3904,-9264,-32528,241,0\n"
~"1224,3176,2474,1,16592,-24848,-32528,49,0\n"
~"1225,3178,2476,1,16720,-24832,-32528,113,0\n"
~"1226,3180,2478,1,17408,-24576,-32528,209,0\n"
~"1227,3182,2480,1,18432,-23360,-32528,17,0\n"
~"1228,3184,2482,1,18608,-23168,-32528,81,0\n"
~"1229,3186,2484,1,18416,-22992,-32576,145,0\n"
~"1230,3188,2486,1,2832,-6608,-32528,209,0\n"
~"1231,3190,2488,1,2816,-6560,-32528,113,0\n"
~"1232,3192,2490,1,2976,-6736,-32528,81,0\n"
~"1233,3194,2492,1,2992,-6544,-32528,145,0\n"
~"1234,3196,2494,1,2848,-6544,-32528,209,0\n"
~"1235,3198,2496,1,2752,-6720,-32528,17,0\n"
~"1236,3200,2498,1,2848,-6800,-32528,81,0\n"
~"1237,3202,2500,1,2912,-6848,-32528,145,0\n"
~"1238,3204,2502,1,2752,-6736,-32528,209,0\n"
~"1239,3206,2504,1,2768,-6608,-32528,49,0\n"
~"1240,3208,2506,1,2672,-6768,-32528,113,0\n"
~"1241,3210,2508,1,2848,-6848,-32528,177,0\n"
~"1242,3212,2510,1,10560,-13792,-32528,241,0\n"
~"1243,3214,2512,1,21536,-19120,-32528,49,0\n"
~"1244,3216,2514,1,21664,-19184,-32528,113,0\n"
~"1245,3218,2516,1,21744,-18880,-32528,177,0\n"
~"1246,3220,2518,1,21744,-18672,-32528,17,0\n"
~"1247,3222,2520,1,21792,-18432,-32528,81,0\n"
~"1248,3224,2522,1,2640,-6832,-32528,145,0\n"
~"1249,3226,2524,1,2224,-6704,-32528,209,0\n"
~"1250,3228,2526,1,2400,-6608,-32528,17,0\n"
~"1251,3230,2528,1,2352,-6720,-32528,81,0\n"
~"1252,3232,2530,1,2384,-6704,-32528,145,0\n"
~"1253,3234,2532,1,2240,-6704,-32528,209,0\n"
~"1254,3236,2534,1,2384,-6688,-32528,49,0\n"
~"1255,3238,2536,1,2384,-6912,-32528,145,0\n"
~"1256,3240,2538,1,2224,-6656,-32528,81,0\n"
~"1257,3242,2540,1,2384,-6672,-32528,49,0\n"
~"1258,3244,2542,1,2304,-6656,-32528,113,0\n"
~"1259,3246,2544,1,2464,-6624,-32528,177,0\n"
~"1260,3248,2546,1,2272,-6688,-32528,241,0\n"
~"1261,3250,2548,1,2272,-6832,-32528,49,0\n"
~"1262,3252,2550,1,7568,-9904,-32528,145,0\n"
~"1263,3254,2552,1,23712,-15536,-32528,209,0\n"
~"1264,3256,2554,1,23728,-15824,-32528,17,0\n"
~"1265,3258,2556,1,23952,-15664,-32528,81,0\n"
~"1266,3260,2558,1,24064,-15472,-32528,145,0\n"
~"1267,3262,2560,1,23760,-15648,-32528,209,0\n"
~"1268,3264,2562,1,16528,-11744,-32528,17,0\n"
~"1269,3267,2565,1,1952,-5712,-32528,113,0\n"
~"1270,3269,2567,1,1920,-5600,-32528,177,0\n"
~"1271,3271,2569,1,1984,-5728,-32528,241,0\n"
~"1272,3273,2571,1,1984,-5760,-32528,49,0\n"
~"1273,3275,2573,1,2000,-5632,-32528,113,0\n"
~"1274,3277,2575,1,2032,-5744,-32528,177,0\n"
~"1275,3279,2577,1,1872,-5664,-32528,241,0\n"
~"1276,3281,2579,1,1856,-5712,-32528,81,0\n"
~"1277,3283,2581,1,1952,-5552,-32528,145,0\n"
~"1278,3285,2583,1,2096,-5856,-32528,209,0\n"
~"1279,3287,2585,1,1984,-5488,-32528,17,0\n"
~"1280,3289,2587,1,1904,-5632,-32528,81,0\n"
~"1281,3291,2589,1,1936,-5632,-32528,241,0\n"
~"1282,3293,2591,1,1952,-5616,-32528,209,0\n"
~"1283,3295,2593,1,3472,-4704,-32528,49,0\n"
~"1284,3297,2595,1,18528,12304,-32528,145,0\n"
~"1285,3299,2597,1,19088,14512,-32528,209,0\n"
~"1286,3301,2599,1,17392,15760,-32528,17,0\n"
~"1287,3303,2601,1,17392,15664,-32528,81,0\n"
~"1288,3305,2603,1,-2560,-6032,-32528,145,0\n"
~"1289,3307,2605,1,-2688,-6032,-32528,209,0\n"
~"1290,3309,2607,1,-2704,-6224,-32528,49,0\n"
~"1291,3311,2609,1,-2704,-6032,-32528,113,0\n"
~"1292,3313,2611,1,-2592,-5888,-32528,177,0\n"
~"1293,3315,2613,1,-2640,-6128,-32528,241,0\n"
~"1294,3317,2615,1,-2672,-6080,-32528,49,0\n"
~"1295,3319,2617,1,-2608,-6048,-32528,113,0\n"
~"1296,3321,2619,1,-2512,-5984,-32528,177,0\n"
~"1297,3323,2621,1,-2688,-6144,-32528,241,0\n"
~"1298,3325,2623,1,-2560,-6208,-32528,49,0\n"
~"1299,3327,2625,1,-2672,-6144,-32528,113,0\n"
~"1300,3329,2627,1,-2528,-6016,-32528,177,0\n"
~"1301,3331,2629,1,-2640,-6288,-32528,17,0\n"
~"1302,3333,2631,1,4912,4576,-32528,113,0\n"
~"1303,3335,2633,1,14688,17168,-32528,177,0\n"
~"1304,3337,2635,1,14640,17168,-32528,241,0\n"
~"1305,3339,2637,1,14944,17152,-32528,49,0\n"
~"1306,3341,2639,1,1744,-304,-32528,209,0\n"
~"1307,3343,2641,1,-2304,-6400,-32528,177,0\n"
~"1308,3345,2643,1,-2416,-6464,-32528,17,0\n"
~"1309,3347,2645,1,-2416,-6416,-32528,81,0\n"
~"1310,3349,2647,1,-2352,-6432,-32528,145,0\n"
~"1311,3351,2649,1,-2416,-6384,-32528,209,0\n"
~"1312,3353,2651,1,-2384,-6448,-32528,17,0\n"
~"1313,3355,2653,1,-2464,-6384,-32528,81,0\n"
~"1314,3357,2655,1,-2320,-6480,-32528,145,0\n"
~"1315,3359,2657,1,-2368,-6352,-32528,241,0\n"
~"1316,3361,2659,1,-2400,-6416,-32528,49,0\n"
~"1317,3363,2661,1,-2336,-6480,-32528,113,0\n"
~"1318,3365,2663,1,-2240,-6304,-32528,177,0\n"
~"1319,3368,2666,1,-9728,10848,-32528,17,0\n"
~"1320,3370,2668,1,-11744,14928,-32528,81,0\n"
~"1321,3372,2670,1,-11632,15136,-32528,145,0\n"
~"1322,3374,2672,1,-11504,15008,-32528,209,0\n"
~"1323,3376,2674,1,-1456,-4256,-32528,17,0\n"
~"1324,3378,2676,1,-1392,-4144,-32528,81,0\n"
~"1325,3380,2678,1,-1440,-4320,-32528,145,0\n"
~"1326,3382,2680,1,-1584,-4368,-32528,209,0\n"
~"1327,3384,2682,1,-1536,-4304,-32528,49,0\n"
~"1328,3386,2684,1,-1488,-4336,-32528,113,0\n"
~"1329,3388,2686,1,-1408,-4224,-32528,177,0\n"
~"1330,3390,2688,1,-1568,-4416,-32528,241,0\n"
~"1331,3392,2690,1,-1312,-4224,-32528,145,0\n"
~"1332,3394,2692,1,-1376,-4240,-32528,113,0\n"
~"1333,3396,2694,1,-1616,-4464,-32528,177,0\n"
~"1334,3398,2696,1,-1600,-4320,-32528,241,0\n"
~"1335,3400,2698,1,-4864,928,-32528,49,0\n"
~"1336,3402,2700,1,-12944,13984,-32528,113,0\n"
~"1337,3404,2702,1,-13152,14176,-32528,177,0\n"
~"1338,3406,2704,1,-13088,13984,-32528,241,0\n"
~"1339,3408,2706,1,-4880,624,-32528,49,0\n"
~"1340,3410,2708,1,-1984,-3696,-32528,113,0\n"
~"1341,3412,2710,1,-1808,-3680,-32528,177,0\n"
~"1342,3414,2712,1,-1856,-3520,-32528,241,0\n"
~"1343,3416,2714,1,-1984,-3520,-32528,49,0\n"
~"1344,3418,2716,1,-1840,-3712,-32528,113,0\n"
~"1345,3420,2718,1,-1792,-3776,-32528,209,0\n"
~"1346,3422,2720,1,-1952,-3824,-32528,17,0\n"
~"1347,3424,2722,1,-1952,-3760,-32528,81,0\n"
~"1348,3426,2724,1,-1952,-3648,-32528,145,0\n"
~"1349,3428,2726,1,-1856,-3776,-32528,209,0\n"
~"1350,3430,2728,1,-1888,-3696,-32528,17,0\n"
~"1351,3432,2730,1,-1808,-3696,-32528,113,0\n"
~"1352,3434,2732,1,-5392,3408,-32528,177,0\n"
~"1353,3436,2734,1,-10352,15712,-32528,241,0\n"
~"1354,3438,2736,1,-10304,15712,-32528,49,0\n"
~"1355,3440,2738,1,-10448,15808,-32528,113,0\n"
~"1356,3442,2740,1,-5104,2752,-32528,17,0\n"
~"1357,3444,2742,1,-1760,-4224,-32528,209,0\n"
~"1358,3446,2744,1,-1840,-4320,-32528,17,0\n"
~"1359,3448,2746,1,-1696,-4368,-32528,81,0\n"
~"1360,3450,2748,1,-1664,-4224,-32528,145,0\n"
~"1361,3452,2750,1,-1680,-4224,-32528,209,0\n"
~"1362,3454,2752,1,-1776,-4192,-32528,17,0\n"
~"1363,3456,2754,1,-1712,-4336,-32528,81,0\n"
~"1364,3458,2756,1,-1664,-4272,-32528,145,0\n"
~"1365,3460,2758,1,-1776,-4128,-32528,209,0\n"
~"1366,3462,2760,1,-1632,-4288,-32528,17,0\n"
~"1367,3464,2762,1,-1616,-4384,-32528,81,0\n"
~"1368,3466,2764,1,-1760,-4048,-32528,177,0\n"
~"1369,3469,2767,1,-10720,15424,-32528,17,0\n"
~"1370,3471,2769,1,-10832,15632,-32528,81,0\n"
~"1371,3473,2771,1,-10736,15344,-32528,145,0\n"
~"1372,3475,2773,1,-8848,11024,-32528,209,0\n"
~"1373,3477,2775,1,-1536,-4208,-32528,49,0\n"
~"1374,3479,2777,1,-1344,-4240,-32528,113,0\n"
~"1375,3481,2779,1,-1408,-4208,-32528,177,0\n"
~"1376,3483,2781,1,-1312,-4256,-32528,241,0\n"
~"1377,3485,2783,1,-1312,-4272,-32528,49,0\n"
~"1378,3487,2785,1,-1328,-4352,-32528,113,0\n"
~"1379,3489,2787,1,-1472,-4192,-32528,209,0\n"
~"1380,3491,2789,1,-1312,-4336,-32528,17,0\n"
~"1381,3493,2791,1,-1392,-4128,-32528,177,0\n"
~"1382,3495,2793,1,-1424,-4288,-32528,145,0\n"
~"1383,3497,2795,1,-1488,-4192,-32528,209,0\n"
~"1384,3499,2797,1,-1584,-4224,-32528,17,0\n"
~"1385,3501,2799,1,-1312,-4256,-32528,113,0\n"
~"1386,3503,2801,1,-1712,-2848,-32528,177,0\n"
~"1387,3505,2803,1,-11312,15072,-32528,241,0\n"
~"1388,3507,2805,1,-10944,15120,-32528,49,0\n"
~"1389,3509,2807,1,-11088,15248,-32528,113,0\n"
~"1390,3511,2809,1,-9248,11072,-32528,209,0\n"
~"1391,3513,2811,1,-976,-4944,-32528,17,0\n"
~"1392,3515,2813,1,-896,-4800,-32528,81,0\n"
~"1393,3517,2815,1,-960,-4944,-32528,145,0\n"
~"1394,3519,2817,1,-768,-4896,-32528,209,0\n"
~"1395,3521,2819,1,-832,-4784,-32528,17,0\n"
~"1396,3523,2821,1,-912,-4864,-32528,81,0\n"
~"1397,3525,2823,1,-1056,-4816,-32528,177,0\n"
~"1398,3527,2825,1,-976,-4880,-32528,241,0\n"
~"1399,3529,2827,1,-752,-5040,-32528,49,0\n"
~"1400,3531,2829,1,-832,-4848,-32528,113,0\n"
~"1401,3533,2831,1,-848,-4992,-32528,177,0\n"
~"1402,3535,2833,1,-752,-4944,-32528,241,0\n"
~"1403,3537,2835,1,-896,-4960,-32528,81,0\n"
~"1404,3539,2837,1,-928,-4832,-32528,145,0\n"
~"1405,3541,2839,1,-800,-4864,-32528,209,0\n"
~"1406,3543,2841,1,9536,8256,-32528,113,0\n"
~"1407,3545,2843,1,16256,16560,-32528,81,0\n"
~"1408,3547,2845,1,15952,16736,-32528,145,0\n"
~"1409,3549,2847,1,16128,16720,-32528,209,0\n"
~"1410,3551,2849,1,16048,16576,-32528,17,0\n"
~"1411,3553,2851,1,-2848,-8160,-32528,81,0\n"
~"1412,3555,2853,1,-2800,-7696,-32528,145,0\n"
~"1413,3557,2855,1,-2864,-7968,-32528,209,0\n"
~"1414,3559,2857,1,-2688,-7760,-32528,17,0\n"
~"1415,3561,2859,1,-2880,-7840,-32528,81,0\n"
~"1416,3563,2861,1,-2720,-7920,-32528,145,0\n"
~"1417,3565,2863,1,-2768,-8016,-32528,209,0\n"
~"1418,3567,2865,1,-2832,-7936,-32528,17,0\n"
~"1419,3570,2868,1,-2928,-7888,-32528,113,0\n"
~"1420,3572,2870,1,-2880,-7920,-32528,177,0\n"
~"1421,3574,2872,1,-2864,-7808,-32528,17,0\n"
~"1422,3576,2874,1,-2736,-7872,-32528,113,0\n"
~"1423,3578,2876,1,-2736,-7920,-32528,177,0\n"
~"1424,3580,2878,1,-2880,-7840,-32528,241,0\n"
~"1425,3582,2880,1,4128,-496,-32528,49,0\n"
~"1426,3584,2882,1,20928,13680,-32528,113,0\n"
~"1427,3586,2884,1,20880,14048,-32528,177,0\n"
~"1428,3588,2886,1,21072,13856,-32528,241,0\n"
~"1429,3590,2888,1,20784,13280,-32528,49,0\n"
~"1430,3592,2890,1,8160,2016,-32528,113,0\n"
~"1431,3594,2892,1,-3040,-7600,-32528,17,0\n"
~"1432,3596,2894,1,-2976,-7520,-32528,241,0\n"
~"1433,3598,2896,1,-3184,-7600,-32528,49,0\n"
~"1434,3600,2898,1,-2800,-7616,-32528,145,0\n"
~"1435,3602,2900,1,-3168,-7584,-32528,209,0\n"
~"1436,3604,2902,1,-2992,-7600,-32528,17,0\n"
~"1437,3606,2904,1,-3136,-7504,-32528,81,0\n"
~"1438,3608,2906,1,-3056,-7584,-32528,145,0\n"
~"1439,3610,2908,1,-2944,-7440,-32528,209,0\n"
~"1440,3612,2910,1,-3088,-7536,-32528,49,0\n"
~"1441,3614,2912,1,-3056,-7600,-32528,113,0\n"
~"1442,3616,2914,1,-2928,-7664,-32528,177,0\n"
~"1443,3618,2916,1,-2880,-7280,-32528,241,0\n"
~"1444,3620,2918,1,8224,-2800,-32528,49,0\n"
~"1445,3622,2920,1,25792,6544,-32528,113,0\n"
~"1446,3624,2922,1,25968,6416,-32528,177,0\n"
~"1447,3626,2924,1,25792,6624,-32528,241,0\n"
~"1448,3628,2926,1,25600,6256,-32528,49,0\n"
~"1449,3630,2928,1,-2880,-6800,-32528,113,0\n"
~"1450,3632,2930,1,-2720,-6768,-32528,177,0\n"
~"1451,3634,2932,1,-2976,-6720,-32528,241,0\n"
~"1452,3636,2934,1,-2896,-6800,-32528,81,0\n"
~"1453,3638,2936,1,-2672,-6768,-32528,145,0\n"
~"1454,3640,2938,1,-2672,-6960,-32528,209,0\n"
~"1455,3642,2940,1,-2688,-6848,-32528,17,0\n"
~"1456,3644,2942,1,-2592,-6816,-32528,177,0\n"
~"1457,3646,2944,1,-2656,-6736,-32528,145,0\n"
~"1458,3648,2946,1,-2720,-6752,-32528,209,0\n"
~"1459,3650,2948,1,-2704,-6848,-32528,49,0\n"
~"1460,3652,2950,1,-2928,-6800,-32528,113,0\n"
~"1461,3654,2952,1,-2752,-6928,-32528,177,0\n"
~"1462,3656,2954,1,-960,-8560,-32528,241,0\n"
~"1463,3658,2956,1,15904,-24432,-32528,49,0\n"
~"1464,3660,2958,1,16016,-24608,-32528,113,0\n"
~"1465,3662,2960,1,16144,-24384,-32528,209,0\n"
~"1466,3664,2962,1,17776,-22768,-32528,17,0\n"
~"1467,3666,2964,1,13392,-14400,-32528,81,0\n"
~"1468,3668,2966,1,4512,-7792,-32528,145,0\n"
~"1469,3671,2969,1,4368,-7632,-32528,241,0\n"
~"1470,3673,2971,1,4256,-7888,-32528,49,0\n"
~"1471,3675,2973,1,4352,-7776,-32528,113,0\n"
~"1472,3677,2975,1,4128,-7536,-32528,177,0\n"
~"1473,3679,2977,1,4176,-7728,-32528,241,0\n"
~"1474,3681,2979,1,4224,-7696,-32528,49,0\n"
~"1475,3683,2981,1,4416,-7696,-32528,113,0\n"
~"1476,3685,2983,1,4336,-7680,-32528,177,0\n"
~"1477,3687,2985,1,4384,-7968,-32528,241,0\n"
~"1478,3689,2987,1,4304,-7664,-32528,81,0\n"
~"1479,3691,2989,1,4416,-7744,-32528,145,0\n"
~"1480,3693,2991,1,4208,-7680,-32528,209,0\n"
~"1481,3695,2993,1,14768,-24464,-32528,113,0\n"
~"1482,3697,2995,1,15024,-24416,-32528,81,0\n"
~"1483,3699,2997,1,14880,-24480,-32528,145,0\n"
~"1484,3701,2999,1,14752,-24336,-32528,209,0\n"
~"1485,3703,3001,1,6720,-14160,-32528,241,0\n"
~"1486,3705,3003,1,1456,-6880,-32528,49,0\n"
~"1487,3707,3005,1,1536,-6960,-32528,113,0\n"
~"1488,3709,3007,1,1584,-7040,-32528,177,0\n"
~"1489,3711,3009,1,1488,-6784,-32528,241,0\n"
~"1490,3713,3011,1,1408,-6944,-32528,49,0\n"
~"1491,3715,3013,1,1408,-6880,-32528,113,0\n"
~"1492,3717,3015,1,1472,-6912,-32528,209,0\n"
~"1493,3719,3017,1,1552,-6768,-32528,17,0\n"
~"1494,3721,3019,1,1408,-7008,-32528,81,0\n"
~"1495,3723,3021,1,1504,-6784,-32528,145,0\n"
~"1496,3725,3023,1,1632,-6912,-32528,209,0\n"
~"1497,3727,3025,1,1552,-6928,-32528,17,0\n"
~"1498,3729,3027,1,1440,-6848,-32528,113,0\n"
~"1499,3731,3029,1,1536,-6944,-32528,177,0\n"
~"1500,3733,3031,1,1552,-7104,-32528,241,0\n"
~"1501,3735,3033,1,1488,-6944,-32528,49,0\n"
~"1502,3737,3035,1,1472,-6896,-32528,113,0\n"
~"1503,3739,3037,1,1520,-7072,-32528,177,0\n"
~"1504,3741,3039,1,1584,-6880,-32528,17,0\n"
~"1505,3743,3041,1,1632,-6928,-32528,81,0\n"
~"1506,3745,3043,1,1376,-6944,-32528,241,0\n"
~"1507,3747,3045,1,1488,-6816,-32528,209,0\n"
~"1508,3749,3047,1,1520,-6784,-32528,17,0\n"
~"1509,3751,3049,1,1584,-6816,-32528,81,0\n"
~"1510,3753,3051,1,1600,-6848,-32528,177,0\n"
~"1511,3755,3053,1,1504,-6768,-32528,241,0\n"
~"1512,3757,3055,1,1360,-7024,-32528,49,0\n"
~"1513,3759,3057,1,1488,-6704,-32528,113,0\n"
~"1514,3761,3059,1,1472,-6784,-32528,177,0\n"
~"1515,3763,3061,1,1456,-6784,-32528,241,0\n"
~"1516,3765,3063,1,-5968,7024,-32528,81,0\n"
~"1517,3767,3065,1,-9424,16528,-32528,145,0\n"
~"1518,3769,3067,1,-9616,16736,-32528,209,0\n"
~"1519,3772,3070,1,-976,-5840,-32528,49,0\n"
~"1520,3774,3072,1,-832,-5824,-32528,113,0\n"
~"1521,3776,3074,1,-848,-5840,-32528,209,0\n"
~"1522,3778,3076,1,-1056,-5728,-32528,17,0\n"
~"1523,3780,3078,1,-832,-5824,-32528,81,0\n"
~"1524,3782,3080,1,-944,-5776,-32528,145,0\n"
~"1525,3784,3082,1,-928,-5792,-32528,209,0\n"
~"1526,3786,3084,1,-976,-5840,-32528,17,0\n"
~"1527,3788,3086,1,-928,-5744,-32528,113,0\n"
~"1528,3790,3088,1,-976,-5696,-32528,177,0\n"
~"1529,3792,3090,1,-960,-5856,-32528,241,0\n"
~"1530,3794,3092,1,-768,-5760,-32528,49,0\n"
~"1531,3796,3094,1,-944,-5808,-32528,209,0\n"
~"1532,3798,3096,1,-928,-5808,-32528,177,0\n"
~"1533,3800,3098,1,-1008,-5792,-32528,241,0\n"
~"1534,3802,3100,1,-1008,-5760,-32528,81,0\n"
~"1535,3804,3102,1,-928,-5840,-32528,145,0\n"
~"1536,3806,3104,1,-864,-5760,-32528,209,0\n"
~"1537,3808,3106,1,-7360,8592,-32528,17,0\n"
~"1538,3810,3108,1,-10464,16080,-32528,81,0\n"
~"1539,3812,3110,1,-10592,16112,-32528,145,0\n"
~"1540,3814,3112,1,-10384,15744,-32528,209,0\n"
~"1541,3816,3114,1,-1152,-5024,-32528,17,0\n"
~"1542,3818,3116,1,-1168,-5008,-32528,81,0\n"
~"1543,3820,3118,1,-1168,-5104,-32528,145,0\n"
~"1544,3822,3120,1,-912,-5040,-32528,209,0\n"
~"1545,3824,3122,1,-1088,-5200,-32528,17,0\n"
~"1546,3826,3124,1,-1136,-5104,-32528,81,0\n"
~"1547,3828,3126,1,-1024,-5056,-32528,177,0\n"
~"1548,3830,3128,1,-992,-4896,-32528,241,0\n"
~"1549,3832,3130,1,-1024,-4992,-32528,49,0\n"
~"1550,3834,3132,1,-1056,-5072,-32528,113,0\n"
~"1551,3836,3134,1,-1024,-4912,-32528,177,0\n"
~"1552,3838,3136,1,-800,-5008,-32528,241,0\n"
~"1553,3840,3138,1,-1056,-5040,-32528,49,0\n"
~"1554,3842,3140,1,-928,-4976,-32528,113,0\n"
~"1555,3844,3142,1,-1232,-4640,-32528,177,0\n"
~"1556,3846,3144,1,-8800,6624,-32528,81,0\n"
~"1557,3848,3146,1,-12896,14304,-32528,49,0\n"
~"1558,3850,3148,1,-12992,14528,-32528,113,0\n"
~"1559,3852,3150,1,-11120,10784,-32528,177,0\n"
~"1560,3854,3152,1,-1808,-3680,-32528,241,0\n"
~"1561,3856,3154,1,-1904,-3664,-32528,81,0\n"
~"1562,3858,3156,1,-1968,-3680,-32528,145,0\n"
~"1563,3860,3158,1,-1904,-3712,-32528,209,0\n"
~"1564,3862,3160,1,-1936,-3584,-32528,17,0\n"
~"1565,3864,3162,1,-1904,-3584,-32528,81,0\n"
~"1566,3866,3164,1,-1952,-3584,-32528,145,0\n"
~"1567,3868,3166,1,-2016,-3648,-32528,209,0\n"
~"1568,3870,3168,1,-1920,-3744,-32528,49,0\n"
~"1569,3873,3171,1,-2096,-3680,-32528,145,0\n"
~"1570,3875,3173,1,-2064,-3648,-32528,209,0\n"
~"1571,3877,3175,1,-1824,-3792,-32528,17,0\n"
~"1572,3879,3177,1,-2016,-3584,-32528,81,0\n"
~"1573,3881,3179,1,-2016,-3696,-32528,145,0\n"
~"1574,3883,3181,1,-1936,-3680,-32528,209,0\n"
~"1575,3885,3183,1,-2032,-3776,-32528,49,0\n"
~"1576,3887,3185,1,12176,9360,-32528,113,0\n"
~"1577,3889,3187,1,18384,15312,-32528,177,0\n"
~"1578,3891,3189,1,18400,15264,-32528,241,0\n"
~"1579,3893,3191,1,18256,15184,-32528,49,0\n"
~"1580,3895,3193,1,6976,3808,-32528,113,0\n"
~"1581,3897,3195,1,-2800,-7152,-32528,17,0\n"
~"1582,3899,3197,1,-2944,-7232,-32528,241,0\n"
~"1583,3901,3199,1,-3024,-7104,-32528,81,0\n"
~"1584,3903,3201,1,-2800,-7168,-32528,145,0\n"
~"1585,3905,3203,1,-2880,-7184,-32528,209,0\n"
~"1586,3907,3205,1,-2928,-7328,-32528,17,0\n"
~"1587,3909,3207,1,-3056,-7312,-32528,81,0\n"
~"1588,3911,3209,1,-2960,-7296,-32528,145,0\n"
~"1589,3913,3211,1,-3024,-7216,-32528,209,0\n"
~"1590,3915,3213,1,-2848,-7312,-32528,17,0\n"
~"1591,3917,3215,1,-2864,-7248,-32528,81,0\n"
~"1592,3919,3217,1,-2976,-7168,-32528,145,0\n"
~"1593,3921,3219,1,-3008,-7296,-32528,209,0\n"
~"1594,3923,3221,1,-3056,-7136,-32528,17,0\n"
~"1595,3925,3223,1,-2960,-7168,-32528,113,0\n"
~"1596,3927,3225,1,5424,2432,-32528,177,0\n"
~"1597,3929,3227,1,18944,14720,-32528,241,0\n"
~"1598,3931,3229,1,18480,15344,-32528,49,0\n"
~"1599,3933,3231,1,18544,15168,-32528,113,0\n"
~"1600,3935,3233,1,18464,15472,-32528,177,0\n"
~"1601,3937,3235,1,18352,15024,-32528,241,0\n"
~"1602,3939,3237,1,-944,-4672,-32528,49,0\n"
~"1603,3941,3239,1,-3344,-7232,-32528,113,0\n"
~"1604,3943,3241,1,-3392,-7520,-32528,177,0\n"
~"1605,3945,3243,1,-3392,-7488,-32528,241,0\n"
~"1606,3947,3245,1,-3312,-7552,-32528,177,0\n"
~"1607,3949,3247,1,-3456,-7344,-32528,145,0\n"
~"1608,3951,3249,1,-3360,-7392,-32528,209,0\n"
~"1609,3953,3251,1,-3424,-7264,-32528,17,0\n"
~"1610,3955,3253,1,-3424,-7472,-32528,81,0\n"
~"1611,3957,3255,1,-3392,-7440,-32528,145,0\n"
~"1612,3959,3257,1,-3216,-7424,-32528,209,0\n"
~"1613,3961,3259,1,-3296,-7424,-32528,17,0\n"
~"1614,3963,3261,1,-3488,-7248,-32528,81,0\n"
~"1615,3965,3263,1,-1904,-5584,-32528,145,0\n"
~"1616,3967,3265,1,20464,13504,-32528,209,0\n"
~"1617,3969,3267,1,20512,13712,-32528,17,0\n"
~"1618,3971,3269,1,20448,13616,-32528,81,0\n"
~"1619,3974,3272,1,20320,13184,-32528,177,0\n"
~"1620,3976,3274,1,-3472,-7584,-32528,241,0\n"
~"1621,3978,3276,1,-3456,-7440,-32528,49,0\n"
~"1622,3980,3278,1,-3344,-7536,-32528,113,0\n"
~"1623,3982,3280,1,-3488,-7520,-32528,209,0\n"
~"1624,3984,3282,1,-3520,-7600,-32528,17,0\n"
~"1625,3986,3284,1,-3504,-7552,-32528,81,0\n"
~"1626,3988,3286,1,-3424,-7456,-32528,145,0\n"
~"1627,3990,3288,1,-3488,-7520,-32528,209,0\n"
~"1628,3992,3290,1,-3408,-7456,-32528,17,0\n"
~"1629,3994,3292,1,-3504,-7584,-32528,113,0\n"
~"1630,3996,3294,1,-3504,-7408,-32528,177,0\n"
~"1631,3998,3296,1,-3552,-7488,-32528,81,0\n"
~"1632,4000,3298,1,-3328,-7408,-32528,49,0\n"
~"1633,4002,3300,1,-3488,-7584,-32528,113,0\n"
~"1634,4004,3302,1,-3488,-7552,-32528,177,0\n"
~"1635,4006,3304,1,-2880,-6912,-32528,241,0\n"
~"1636,4008,3306,1,21168,12784,-32528,49,0\n"
~"1637,4010,3308,1,20224,13840,-32528,113,0\n"
~"1638,4012,3310,1,20160,14160,-32528,177,0\n"
~"1639,4014,3312,1,20080,13840,-32528,241,0\n"
~"1640,4016,3314,1,-3904,-7488,-32528,81,0\n"
~"1641,4018,3316,1,-3744,-7344,-32528,145,0\n"
~"1642,4020,3318,1,-3648,-7296,-32528,209,0\n"
~"1643,4022,3320,1,-3648,-7424,-32528,17,0\n"
~"1644,4024,3322,1,-3792,-7360,-32528,81,0\n"
~"1645,4026,3324,1,-3744,-7296,-32528,145,0\n"
~"1646,4028,3326,1,-3760,-7552,-32528,209,0\n"
~"1647,4030,3328,1,-3904,-7328,-32528,17,0\n"
~"1648,4032,3330,1,-3824,-7488,-32528,81,0\n"
~"1649,4034,3332,1,-3680,-7392,-32528,145,0\n"
~"1650,4036,3334,1,-3856,-7616,-32528,209,0\n"
~"1651,4038,3336,1,-3776,-7360,-32528,49,0\n"
~"1652,4040,3338,1,-3648,-7344,-32528,113,0\n"
~"1653,4042,3340,1,-3888,-7536,-32528,177,0\n"
~"1654,4044,3342,1,10944,11040,-32528,241,0\n"
~"1655,4046,3344,1,15904,16784,-32528,49,0\n"
~"1656,4048,3346,1,15872,16896,-32528,209,0\n"
~"1657,4050,3348,1,15760,16688,-32528,177,0\n"
~"1658,4052,3350,1,7120,5952,-32528,241,0\n"
~"1659,4054,3352,1,-2880,-7248,-32528,49,0\n"
~"1660,4056,3354,1,-3168,-7408,-32528,113,0\n"
~"1661,4058,3356,1,-3008,-7392,-32528,177,0\n"
~"1662,4060,3358,1,-2976,-7296,-32528,241,0\n"
~"1663,4062,3360,1,-3184,-7264,-32528,81,0\n"
~"1664,4064,3362,1,-3072,-7328,-32528,145,0\n"
~"1665,4066,3364,1,-3232,-7424,-32528,209,0\n"
~"1666,4068,3366,1,-2944,-7296,-32528,17,0\n"
~"1667,4070,3368,1,-3056,-7280,-32528,81,0\n"
~"1668,4072,3370,1,-3104,-7376,-32528,145,0\n"
~"1669,4075,3373,1,-3056,-7376,-32528,241,0\n"
~"1670,4077,3375,1,-3104,-7200,-32528,49,0\n"
~"1671,4079,3377,1,-3120,-7216,-32528,113,0\n"
~"1672,4081,3379,1,-3184,-7456,-32528,177,0\n"
~"1673,4083,3381,1,5168,1216,-32528,241,0\n"
~"1674,4085,3383,1,19664,14464,-32528,81,0\n"
~"1675,4087,3385,1,19776,14448,-32528,145,0\n"
~"1676,4089,3387,1,19712,14336,-32528,209,0\n"
~"1677,4091,3389,1,19664,13984,-32528,17,0\n"
~"1678,4093,3391,1,1856,-2400,-32528,81,0\n"
~"1679,4095,3393,1,-2800,-7008,-32528,145,0\n"
~"1680,4097,3395,1,-2672,-6864,-32528,209,0\n"
~"1681,4099,3397,1,-2688,-7200,-32528,113,0\n"
~"1682,4101,3399,1,-2688,-6976,-32528,81,0\n"
~"1683,4103,3401,1,-2656,-6960,-32528,145,0\n"
~"1684,4105,3403,1,-2720,-6912,-32528,209,0\n"
~"1685,4107,3405,1,-2656,-7056,-32528,17,0\n"
~"1686,4109,3407,1,-2624,-7008,-32528,81,0\n"
~"1687,4111,3409,1,-2640,-7056,-32528,145,0\n"
~"1688,4113,3411,1,-2848,-7056,-32528,209,0\n"
~"1689,4115,3413,1,-2624,-6976,-32528,17,0\n"
~"1690,4117,3415,1,-2800,-7040,-32528,113,0\n"
~"1691,4119,3417,1,1056,-2944,-32528,177,0\n"
~"1692,4121,3419,1,19872,14224,-32528,241,0\n"
~"1693,4123,3421,1,19696,14400,-32528,49,0\n"
~"1694,4125,3423,1,19776,14352,-32528,113,0\n"
~"1695,4127,3425,1,19600,14288,-32528,177,0\n"
~"1696,4129,3427,1,320,-3264,-32528,17,0\n"
~"1697,4131,3429,1,-3488,-7232,-32528,81,0\n"
~"1698,4133,3431,1,-3584,-7168,-32528,145,0\n"
~"1699,4135,3433,1,-3456,-7344,-32528,209,0\n"
~"1700,4137,3435,1,-3344,-7168,-32528,17,0\n"
~"1701,4139,3437,1,-3488,-7232,-32528,81,0\n"
~"1702,4141,3439,1,-3488,-7120,-32528,145,0\n"
~"1703,4143,3441,1,-3456,-7216,-32528,209,0\n"
~"1704,4145,3443,1,-3376,-7248,-32528,17,0\n"
~"1705,4147,3445,1,-3408,-7056,-32528,81,0\n"
~"1706,4149,3447,1,-3520,-7216,-32528,241,0\n"
~"1707,4151,3449,1,-3344,-7232,-32528,177,0\n"
~"1708,4153,3451,1,-3520,-7168,-32528,241,0\n"
~"1709,4155,3453,1,-3552,-7328,-32528,49,0\n"
~"1710,4157,3455,1,-3440,-7136,-32528,113,0\n"
~"1711,4159,3457,1,-3552,-7328,-32528,177,0\n"
~"1712,4161,3459,1,-3600,-7152,-32528,241,0\n"
~"1713,4163,3461,1,-3392,-7248,-32528,49,0\n"
~"1714,4165,3463,1,-3456,-7440,-32528,113,0\n"
~"1715,4167,3465,1,-3536,-7328,-32528,177,0\n"
~"1716,4169,3467,1,-3424,-7248,-32528,241,0\n"
~"1717,4171,3469,1,-3440,-7136,-32528,49,0\n"
~"1718,4173,3471,1,-3584,-7248,-32528,113,0\n"
~"1719,4176,3474,1,-3328,-7248,-32528,209,0\n"
~"1720,4178,3476,1,-3456,-7152,-32528,17,0\n"
~"1721,4180,3478,1,-3536,-7088,-32528,81,0\n"
~"1722,4182,3480,1,-3472,-7056,-32528,145,0\n"
~"1723,4184,3482,1,-3520,-7184,-32528,209,0\n"
~"1724,4186,3484,1,-3424,-7232,-32528,17,0\n"
~"1725,4188,3486,1,-3376,-6768,-32528,81,0\n"
~"1726,4190,3488,1,1808,5760,-32528,145,0\n"
~"1727,4192,3490,1,8304,19200,-32528,209,0\n"
~"1728,4194,3492,1,8304,19184,-32528,49,0\n"
~"1729,4196,3494,1,8272,19168,-32528,113,0\n"
~"1730,4198,3496,1,8320,19088,-32528,177,0\n"
~"1731,4200,3498,1,4704,10784,-32528,81,0\n"
~"1732,4202,3500,1,-1600,-4944,-32528,49,0\n"
~"1733,4204,3502,1,-1712,-4960,-32528,113,0\n"
~"1734,4206,3504,1,-1584,-5024,-32528,177,0\n"
~"1735,4208,3506,1,-1824,-5088,-32528,241,0\n"
~"1736,4210,3508,1,-1792,-5056,-32528,49,0\n"
~"1737,4212,3510,1,-1632,-5040,-32528,113,0\n"
~"1738,4214,3512,1,-1696,-4960,-32528,177,0\n"
~"1739,4216,3514,1,-1568,-5200,-32528,17,0\n"
~"1740,4218,3516,1,-1776,-5056,-32528,81,0\n"
~"1741,4220,3518,1,-1856,-5024,-32528,145,0\n"
~"1742,4222,3520,1,-1696,-5024,-32528,209,0\n"
~"1743,4224,3522,1,-1616,-4992,-32528,17,0\n"
~"1744,4226,3524,1,-1568,-4992,-32528,81,0\n"
~"1745,4228,3526,1,5504,2656,-32528,177,0\n"
~"1746,4230,3528,1,17872,15648,-32528,241,0\n"
~"1747,4232,3530,1,17952,15632,-32528,49,0\n"
~"1748,4234,3532,1,17936,15520,-32528,113,0\n"
~"1749,4236,3534,1,17984,15648,-32528,177,0\n"
~"1750,4238,3536,1,17952,15664,-32528,241,0\n"
~"1751,4240,3538,1,17552,14960,-32528,49,0\n"
~"1752,4242,3540,1,160,-4960,-32528,113,0\n"
~"1753,4244,3542,1,128,-4992,-32528,177,0\n"
~"1754,4246,3544,1,144,-4960,-32528,241,0\n"
~"1755,4248,3546,1,176,-4896,-32528,49,0\n"
~"1756,4250,3548,1,176,-4768,-32528,241,0\n"
~"1757,4252,3550,1,-48,-5008,-32528,209,0\n"
~"1758,4254,3552,1,16,-4992,-32528,17,0\n"
~"1759,4256,3554,1,160,-4832,-32528,81,0\n"
~"1760,4258,3556,1,96,-4800,-32528,145,0\n"
~"1761,4260,3558,1,-48,-5120,-32528,241,0\n"
~"1762,4262,3560,1,128,-5152,-32528,49,0\n"
~"1763,4264,3562,1,32,-4928,-32528,113,0\n"
~"1764,4266,3564,1,1728,-2432,-32528,177,0\n"
~"1765,4268,3566,1,15168,11984,-32528,241,0\n"
~"1766,4270,3568,1,18528,15072,-32528,49,0\n"
~"1767,4272,3570,1,18512,15200,-32528,145,0\n"
~"1768,4274,3572,1,18512,15280,-32528,209,0\n"
~"1769,4277,3575,1,-640,-3776,-32528,49,0\n"
~"1770,4279,3577,1,-864,-4256,-32528,113,0\n"
~"1771,4281,3579,1,-944,-4176,-32528,177,0\n"
~"1772,4283,3581,1,-1024,-4032,-32528,17,0\n"
~"1773,4285,3583,1,-944,-4160,-32528,81,0\n"
~"1774,4287,3585,1,-720,-4208,-32528,145,0\n"
~"1775,4289,3587,1,-864,-4048,-32528,209,0\n"
~"1776,4291,3589,1,-720,-4160,-32528,17,0\n"
~"1777,4293,3591,1,-608,-4016,-32528,81,0\n"
~"1778,4295,3593,1,-928,-4080,-32528,145,0\n"
~"1779,4297,3595,1,-896,-4224,-32528,209,0\n"
~"1780,4299,3597,1,-688,-4160,-32528,17,0\n"
~"1781,4301,3599,1,-992,-4064,-32528,177,0\n"
~"1782,4303,3601,1,-736,-4032,-32528,145,0\n"
~"1783,4305,3603,1,-944,-4192,-32528,209,0\n"
~"1784,4307,3605,1,-992,-4336,-32528,17,0\n"
~"1785,4309,3607,1,-832,-4304,-32528,81,0\n"
~"1786,4311,3609,1,-864,-4128,-32528,145,0\n"
~"1787,4313,3611,1,-928,-4016,-32528,209,0\n"
~"1788,4315,3613,1,-960,-4112,-32528,49,0\n"
~"1789,4317,3615,1,-752,-4160,-32528,113,0\n"
~"1790,4319,3617,1,-4992,7552,-32528,177,0\n"
~"1791,4321,3619,1,-8304,17488,-32528,241,0\n"
~"1792,4323,3621,1,-8272,17440,-32528,49,0\n"
~"1793,4325,3623,1,-9168,16944,-32528,145,0\n"
~"1794,4327,3625,1,-1584,-5040,-32528,209,0\n"
~"1795,4329,3627,1,-1456,-5040,-32528,17,0\n"
~"1796,4331,3629,1,-1552,-4800,-32528,81,0\n"
~"1797,4333,3631,1,-1616,-4944,-32528,145,0\n"
~"1798,4335,3633,1,-1536,-4944,-32528,209,0\n"
~"1799,4337,3635,1,-1344,-4912,-32528,17,0\n"
~"1800,4339,3637,1,-1600,-4832,-32528,81,0\n"
~"1801,4341,3639,1,-1600,-4848,-32528,145,0\n"
~"1802,4343,3641,1,-1472,-4944,-32528,209,0\n"
~"1803,4345,3643,1,-1376,-4880,-32528,17,0\n"
~"1804,4347,3645,1,-1552,-4944,-32528,81,0\n"
~"1805,4349,3647,1,-1600,-5056,-32528,145,0\n"
~"1806,4351,3649,1,-1488,-5040,-32528,49,0\n"
~"1807,4353,3651,1,-1408,-4896,-32528,17,0\n"
~"1808,4355,3653,1,-1376,-4944,-32528,81,0\n"
~"1809,4357,3655,1,-1632,-5008,-32528,145,0\n"
~"1810,4359,3657,1,-1488,-4992,-32528,209,0\n"
~"1811,4361,3659,1,-6176,12256,-32528,17,0\n"
~"1812,4363,3661,1,-7392,17920,-32528,81,0\n"
~"1813,4365,3663,1,-7424,17936,-32528,145,0\n"
~"1814,4367,3665,1,-5344,7344,-32528,209,0\n"
~"1815,4369,3667,1,-992,-6320,-32528,17,0\n"
~"1816,4371,3669,1,-784,-6384,-32528,81,0\n"
~"1817,4373,3671,1,-880,-6240,-32528,145,0\n"
~"1818,4375,3673,1,-864,-6400,-32528,209,0\n"
~"1819,4378,3676,1,-976,-6256,-32528,49,0\n"
~"1820,4380,3678,1,-896,-6208,-32528,113,0\n"
~"1821,4382,3680,1,-960,-6288,-32528,177,0\n"
~"1822,4384,3682,1,-1120,-6144,-32528,241,0\n"
~"1823,4386,3684,1,-944,-6256,-32528,49,0\n"
~"1824,4388,3686,1,-976,-6240,-32528,113,0\n"
~"1825,4390,3688,1,-1088,-6192,-32528,209,0\n"
~"1826,4392,3690,1,-1024,-6240,-32528,17,0\n"
~"1827,4394,3692,1,-944,-6240,-32528,81,0\n"
~"1828,4396,3694,1,-1024,-6336,-32528,145,0\n"
~"1829,4398,3696,1,-1152,-6320,-32528,209,0\n"
~"1830,4400,3698,1,-3920,5008,-32528,17,0\n"
~"1831,4402,3700,1,-7424,17888,-32528,209,0\n"
~"1832,4404,3702,1,-7088,17968,-32528,177,0\n"
~"1833,4406,3704,1,-6640,13280,-32528,241,0\n"
~"1834,4408,3706,1,-656,-6448,-32528,49,0\n"
~"1835,4410,3708,1,-608,-6400,-32528,113,0\n"
~"1836,4412,3710,1,-544,-6480,-32528,209,0\n"
~"1837,4414,3712,1,-768,-6448,-32528,17,0\n"
~"1838,4416,3714,1,-752,-6496,-32528,81,0\n"
~"1839,4418,3716,1,-848,-6432,-32528,145,0\n"
~"1840,4420,3718,1,-864,-6384,-32528,209,0\n"
~"1841,4422,3720,1,-640,-6400,-32528,17,0\n"
~"1842,4424,3722,1,-864,-6528,-32528,81,0\n"
~"1843,4426,3724,1,-768,-6288,-32528,145,0\n"
~"1844,4428,3726,1,-864,-6624,-32528,209,0\n"
~"1845,4430,3728,1,-560,-6320,-32528,17,0\n"
~"1846,4432,3730,1,-640,-6496,-32528,81,0\n"
~"1847,4434,3732,1,-720,-6384,-32528,177,0\n"
~"1848,4436,3734,1,-1312,-3920,-32528,241,0\n"
~"1849,4438,3736,1,-7776,17792,-32528,49,0\n"
~"1850,4440,3738,1,-7728,17456,-32528,113,0\n"
~"1851,4442,3740,1,-7360,15648,-32528,177,0\n"
~"1852,4444,3742,1,-688,-7104,-32528,241,0\n"
~"1853,4446,3744,1,-416,-7024,-32528,81,0\n"
~"1854,4448,3746,1,-672,-7232,-32528,145,0\n"
~"1855,4450,3748,1,-448,-6912,-32528,209,0\n"
~"1856,4452,3750,1,-704,-7264,-32528,113,0\n"
~"1857,4454,3752,1,-576,-7104,-32528,81,0\n"
~"1858,4456,3754,1,-544,-7072,-32528,145,0\n"
~"1859,4458,3756,1,-672,-7120,-32528,209,0\n"
~"1860,4460,3758,1,-656,-6976,-32528,17,0\n"
~"1861,4462,3760,1,-672,-7184,-32528,81,0\n"
~"1862,4464,3762,1,-544,-6992,-32528,145,0\n"
~"1863,4466,3764,1,-544,-7024,-32528,209,0\n"
~"1864,4468,3766,1,-560,-7200,-32528,17,0\n"
~"1865,4470,3768,1,-592,-7216,-32528,81,0\n"
~"1866,4472,3770,1,-752,-7040,-32528,145,0\n"
~"1867,4474,3772,1,-1792,-2336,-32528,209,0\n"
~"1868,4476,3774,1,-7792,17632,-32528,17,0\n"
~"1869,4479,3777,1,-7792,17456,-32528,113,0\n"
~"1870,4481,3779,1,-832,-7264,-32528,177,0\n"
~"1871,4483,3781,1,-736,-7216,-32528,241,0\n"
~"1872,4485,3783,1,-592,-7200,-32528,49,0\n"
~"1873,4487,3785,1,-896,-7120,-32528,113,0\n"
~"1874,4489,3787,1,-656,-7344,-32528,177,0\n"
~"1875,4491,3789,1,-608,-7152,-32528,17,0\n"
~"1876,4493,3791,1,-800,-7408,-32528,81,0\n"
~"1877,4495,3793,1,-784,-7440,-32528,145,0\n"
~"1878,4497,3795,1,-736,-7264,-32528,209,0\n"
~"1879,4499,3797,1,-896,-7456,-32528,17,0\n"
~"1880,4501,3799,1,-656,-7280,-32528,81,0\n"
~"1881,4503,3801,1,-816,-7024,-32528,241,0\n"
~"1882,4505,3803,1,-672,-7248,-32528,209,0\n"
~"1883,4507,3805,1,-624,-7344,-32528,17,0\n"
~"1884,4509,3807,1,-688,-7376,-32528,81,0\n"
~"1885,4511,3809,1,-752,-7040,-32528,145,0\n"
~"1886,4513,3811,1,-928,-7360,-32528,209,0\n"
~"1887,4515,3813,1,-768,-7264,-32528,17,0\n"
~"1888,4517,3815,1,-768,-7232,-32528,81,0\n"
~"1889,4519,3817,1,-896,-7392,-32528,145,0\n"
~"1890,4521,3819,1,-8224,16128,-32528,209,0\n"
~"1891,4523,3821,1,-8032,17488,-32528,17,0\n"
~"1892,4525,3823,1,-7936,17424,-32528,81,0\n"
~"1893,4527,3825,1,-768,-6128,-32528,177,0\n"
~"1894,4529,3827,1,-784,-6160,-32528,241,0\n"
~"1895,4531,3829,1,-816,-6096,-32528,49,0\n"
~"1896,4533,3831,1,-816,-6176,-32528,113,0\n"
~"1897,4535,3833,1,-896,-6208,-32528,177,0\n"
~"1898,4537,3835,1,-848,-6240,-32528,241,0\n"
~"1899,4539,3837,1,-816,-6128,-32528,49,0\n"
~"1900,4541,3839,1,-896,-6240,-32528,113,0\n"
~"1901,4543,3841,1,-768,-6192,-32528,177,0\n"
~"1902,4545,3843,1,-800,-6368,-32528,241,0\n"
~"1903,4547,3845,1,-752,-6160,-32528,49,0\n"
~"1904,4549,3847,1,-784,-6112,-32528,113,0\n"
~"1905,4551,3849,1,-736,-6240,-32528,177,0\n"
~"1906,4553,3851,1,-720,-6144,-32528,81,0\n"
~"1907,4555,3853,1,-832,-6224,-32528,49,0\n"
~"1908,4557,3855,1,-832,-6272,-32528,113,0\n"
~"1909,4559,3857,1,-816,-6352,-32528,209,0\n"
~"1910,4561,3859,1,-1312,-4144,-32528,17,0\n"
~"1911,4563,3861,1,-7936,17424,-32528,81,0\n"
~"1912,4565,3863,1,-7792,17520,-32528,145,0\n"
~"1913,4567,3865,1,-7712,17296,-32528,209,0\n"
~"1914,4569,3867,1,-896,-5648,-32528,17,0\n"
~"1915,4571,3869,1,-864,-5760,-32528,113,0\n"
~"1916,4573,3871,1,-944,-5600,-32528,177,0\n"
~"1917,4575,3873,1,-768,-5696,-32528,241,0\n"
~"1918,4577,3875,1,-960,-5776,-32528,49,0\n"
~"1919,4580,3878,1,-816,-5856,-32528,145,0\n"
~"1920,4582,3880,1,-688,-5600,-32528,241,0\n"
~"1921,4584,3882,1,-880,-5696,-32528,49,0\n"
~"1922,4586,3884,1,-880,-5872,-32528,113,0\n"
~"1923,4588,3886,1,-880,-5696,-32528,177,0\n"
~"1924,4590,3888,1,-864,-5728,-32528,241,0\n"
~"1925,4592,3890,1,-928,-5856,-32528,49,0\n"
~"1926,4594,3892,1,-976,-5648,-32528,113,0\n"
~"1927,4596,3894,1,-976,-5696,-32528,177,0\n"
~"1928,4598,3896,1,-816,-5728,-32528,241,0\n"
~"1929,4600,3898,1,-992,-5856,-32528,49,0\n"
~"1930,4602,3900,1,-3024,704,-32528,113,0\n"
~"1931,4604,3902,1,-8544,17104,-32528,49,0\n"
~"1932,4606,3904,1,-8496,17072,-32528,17,0\n"
~"1933,4608,3906,1,-9472,16320,-32528,81,0\n"
~"1934,4610,3908,1,-1296,-4752,-32528,145,0\n"
~"1935,4612,3910,1,-1376,-4512,-32528,209,0\n"
~"1936,4614,3912,1,-1264,-4672,-32528,49,0\n"
~"1937,4616,3914,1,-1248,-4736,-32528,113,0\n"
~"1938,4618,3916,1,-1168,-4720,-32528,177,0\n"
~"1939,4620,3918,1,-1216,-4672,-32528,241,0\n"
~"1940,4622,3920,1,-1232,-4672,-32528,49,0\n"
~"1941,4624,3922,1,-1200,-4640,-32528,113,0\n"
~"1942,4626,3924,1,-1360,-4768,-32528,209,0\n"
~"1943,4628,3926,1,-1488,-4736,-32528,17,0\n"
~"1944,4630,3928,1,-1408,-4656,-32528,81,0\n"
~"1945,4632,3930,1,-1312,-4704,-32528,145,0\n"
~"1946,4634,3932,1,-1440,-4704,-32528,209,0\n"
~"1947,4636,3934,1,-1248,-4784,-32528,17,0\n"
~"1948,4638,3936,1,-1328,-4768,-32528,113,0\n"
~"1949,4640,3938,1,-1328,-4688,-32528,209,0\n"
~"1950,4642,3940,1,-1456,-4720,-32528,17,0\n"
~"1951,4644,3942,1,-1264,-4704,-32528,81,0\n"
~"1952,4646,3944,1,15120,13648,-32528,145,0\n"
~"1953,4648,3946,1,17392,15936,-32528,209,0\n"
~"1954,4650,3948,1,17488,15904,-32528,17,0\n"
~"1955,4652,3950,1,17344,15792,-32528,113,0\n"
~"1956,4654,3952,1,13520,11744,-32528,49,0\n"
~"1957,4656,3954,1,-2288,-7072,-32528,17,0\n"
~"1958,4658,3956,1,-2384,-7024,-32528,81,0\n"
~"1959,4660,3958,1,-2448,-6976,-32528,145,0\n"
~"1960,4662,3960,1,-2336,-6832,-32528,209,0\n"
~"1961,4664,3962,1,-2336,-6928,-32528,17,0\n"
~"1962,4666,3964,1,-2256,-6976,-32528,81,0\n"
~"1963,4668,3966,1,-2176,-7120,-32528,145,0\n"
~"1964,4670,3968,1,-2416,-6976,-32528,209,0\n"
~"1965,4672,3970,1,-2320,-6864,-32528,17,0\n"
~"1966,4674,3972,1,-2336,-7056,-32528,81,0\n"
~"1967,4676,3974,1,-2256,-7056,-32528,145,0\n"
~"1968,4678,3976,1,-2336,-7072,-32528,209,0\n"
~"1969,4681,3979,1,-2240,-7024,-32528,49,0\n"
~"1970,4683,3981,1,-2112,-7104,-32528,113,0\n"
~"1971,4685,3983,1,-256,-6784,-32528,177,0\n"
~"1972,4687,3985,1,14736,2832,-32528,241,0\n"
~"1973,4689,3987,1,25376,7744,-32528,49,0\n"
~"1974,4691,3989,1,25440,7952,-32528,113,0\n"
~"1975,4693,3991,1,25008,7408,-32528,177,0\n"
~"1976,4695,3993,1,0,-6064,-32528,241,0\n"
~"1977,4697,3995,1,-2096,-6752,-32528,49,0\n"
~"1978,4699,3997,1,-2240,-6688,-32528,113,0\n"
~"1979,4701,3999,1,-2000,-6784,-32528,177,0\n"
~"1980,4703,4001,1,-1968,-6864,-32528,241,0\n"
~"1981,4705,4003,1,-2016,-6896,-32528,145,0\n"
~"1982,4707,4005,1,-2064,-6848,-32528,113,0\n"
~"1983,4709,4007,1,-2128,-6896,-32528,177,0\n"
~"1984,4711,4009,1,-2048,-6688,-32528,241,0\n"
~"1985,4713,4011,1,-2064,-6688,-32528,49,0\n"
~"1986,4715,4013,1,-2160,-6768,-32528,113,0\n"
~"1987,4717,4015,1,-2016,-6704,-32528,177,0\n"
~"1988,4719,4017,1,-2240,-6736,-32528,241,0\n"
~"1989,4721,4019,1,-2144,-6928,-32528,49,0\n"
~"1990,4723,4021,1,-2096,-6912,-32528,113,0\n"
~"1991,4725,4023,1,912,-29936,-32528,177,0\n"
~"1992,4727,4025,1,1008,-29856,-32528,241,0\n"
~"1993,4729,4027,1,1120,-29824,-32528,49,0\n"
~"1994,4731,4029,1,448,-27392,-32528,145,0\n"
~"1995,4733,4031,1,-64,-7200,-32528,209,0\n"
~"1996,4735,4033,1,0,-7248,-32528,17,0\n"
~"1997,4737,4035,1,64,-7280,-32528,81,0\n"
~"1998,4739,4037,1,-192,-7232,-32528,145,0\n"
~"1999,4741,4039,1,-32,-7392,-32528,241,0\n"
~"2000,4743,4041,1,-192,-7360,-32528,49,0\n"
~"2001,4745,4043,1,-96,-7360,-32528,113,0\n"
~"2002,4747,4045,1,-32,-7328,-32528,177,0\n"
~"2003,4749,4047,1,-112,-7216,-32528,241,0\n"
~"2004,4751,4049,1,-64,-7312,-32528,81,0\n"
~"2005,4753,4051,1,-64,-7168,-32528,145,0\n"
~"2006,4755,4053,1,-144,-7344,-32528,49,0\n"
~"2007,4757,4055,1,-80,-7216,-32528,17,0\n"
~"2008,4759,4057,1,6016,-28784,-32528,81,0\n"
~"2009,4761,4059,1,6048,-28816,-32528,177,0\n"
~"2010,4763,4061,1,5872,-29024,-32528,241,0\n"
~"2011,4765,4063,1,5776,-28832,-32528,49,0\n"
~"2012,4767,4065,1,5760,-28832,-32528,113,0\n"
~"2013,4769,4067,1,6848,-22768,-32528,177,0\n"
~"2014,4771,4069,1,3456,-9024,-32528,241,0\n"
~"2015,4773,4071,1,3216,-8752,-32528,49,0\n"
~"2016,4775,4073,1,3168,-8576,-32528,113,0\n"
~"2017,4777,4075,1,3232,-8688,-32528,177,0\n"
~"2018,4779,4077,1,3328,-8752,-32528,241,0\n"
~"2019,4782,4080,1,3248,-8720,-32528,81,0\n"
~"2020,4784,4082,1,3328,-8784,-32528,145,0\n"
~"2021,4786,4084,1,3376,-8656,-32528,209,0\n"
~"2022,4788,4086,1,3264,-8768,-32528,17,0\n"
~"2023,4790,4088,1,3264,-8640,-32528,81,0\n"
~"2024,4792,4090,1,3312,-8656,-32528,145,0\n"
~"2025,4794,4092,1,3232,-8480,-32528,209,0\n"
~"2026,4796,4094,1,3200,-8576,-32528,17,0\n"
~"2027,4798,4096,1,3280,-8912,-32528,81,0\n"
~"2028,4800,4098,1,-12224,-26400,-32528,145,0\n"
~"2029,4802,4100,1,-13152,-25920,-32528,209,0\n"
~"2030,4804,4102,1,-14848,-24880,-32528,17,0\n"
~"2031,4806,4104,1,-15232,-24080,-32528,177,0\n"
~"2032,4808,4106,1,-4320,-7232,-32528,145,0\n"
~"2033,4810,4108,1,-1328,-4272,-32528,209,0\n"
~"2034,4812,4110,1,-1472,-3968,-32528,17,0\n"
~"2035,4814,4112,1,-1584,-4224,-32528,113,0\n"
~"2036,4816,4114,1,-1488,-4128,-32528,177,0\n"
~"2037,4818,4116,1,-1360,-3920,-32528,241,0\n"
~"2038,4820,4118,1,-1392,-4000,-32528,49,0\n"
~"2039,4822,4120,1,-1392,-4032,-32528,113,0\n"
~"2040,4824,4122,1,-1424,-4144,-32528,177,0\n"
~"2041,4826,4124,1,-1488,-4112,-32528,241,0\n"
~"2042,4828,4126,1,-1376,-4016,-32528,49,0\n"
~"2043,4830,4128,1,-1344,-4112,-32528,113,0\n"
~"2044,4832,4130,1,-1344,-4240,-32528,177,0\n"
~"2045,4834,4132,1,-1440,-4160,-32528,241,0\n"
~"2046,4836,4134,1,-1152,-4016,-32528,49,0\n"
~"2047,4838,4136,1,-18304,-9392,-32528,113,0\n"
